"1998.00","1998.08","1998.17","1998.25","1998.33","1998.42","1998.50","1998.58","1998.67","1998.75","1998.83","1998.92","1999.00","1999.08","1999.17","1999.25","1999.33","1999.42","1999.50","1999.58","1999.67","1999.75","1999.83","1999.92","2000.00","2000.08","2000.17","2000.25","2000.33","2000.42","2000.50","2000.58","2000.67","2000.75","2000.83","2000.92","2001.00","2001.08","2001.17","2001.25","2001.33","2001.42","2001.50","2001.58","2001.67","2001.75","2001.83","2001.92","2002.00","2002.08","2002.17","2002.25","2002.33","2002.42","2002.50","2002.58","2002.67","2002.75","2002.83","2002.92","2003.00","2003.08","2003.17","2003.25","2003.33","2003.42","2003.50","2003.58","2003.67","2003.75","2003.83","2003.92","2004.00","2004.08","2004.17","2004.25","2004.33","2004.42","2004.50","2004.58","2004.67","2004.75","2004.83","2004.92","2005.00","2005.08","2005.17","2005.25","2005.33","2005.42","2005.50","2005.58","2005.67","2005.75","2005.83","2005.92","2006.00","2006.08","2006.17","2006.25","2006.33","2006.42","2006.50","2006.58","2006.67","2006.75","2006.83","2006.92","2007.00","2007.08","2007.17","2007.25","2007.33","2007.42","2007.50","2007.58","2007.67","2007.75","2007.83","2007.92","2008.00","2008.08","2008.17","2008.25","2008.33","2008.42","2008.50","2008.58","2008.67","2008.75","2008.83","2008.92","2009.00","2009.08","2009.17","2009.25","2009.33","2009.42","2009.50","2009.58","2009.67","2009.75","2009.83","2009.92","Lat","Lon"
-0.057555257,-0.093165177,0.00917555,0.040464903,0.108033205,0.740891046,-0.01621512,2.696532847,0.71769545,3.27203614,-0.588866005,-0.016495712,-0.110281303,0.085178087,-0.054382935,-0.043315436,-0.124946302,0.121209955,-3.485150804,-3.682040572,-0.044487047,1.986770478,0.458722199,-0.029077617,0.072868354,-0.072080502,-0.088112015,-0.065046442,0.259956355,-3.133747803,-2.240190853,-1.209433643,-4.623870198,-0.592411097,-0.498120122,-0.065473616,-0.140125088,-0.091590949,0.019141441,0.000874435,0.231514555,1.321307823,-3.380998546,-3.826040778,-3.147107065,0.188871065,-0.750273868,-0.068846254,-0.040322765,-0.100122988,0.023711686,-0.029588343,-0.094444327,-1.626093367,-8.077117741,1.202872969,-3.143207602,-1.324034255,0.090491512,0.024946042,0.070326846,0.140418713,-0.054851343,0.009190272,-0.134393833,0.906461108,7.80525421,1.558374092,-2.720315139,-0.950685231,-0.824197305,-0.076601166,0.051038412,-0.031145626,-0.032245644,0.02173585,1.078138496,0.988504955,-3.060264941,6.337335873,-1.125367799,0.056805296,-0.936538134,-0.01903279,-0.144579093,0.038862282,0.011014096,-0.027927017,-0.106587579,6.353367129,-1.749279265,-0.594758828,7.726774002,-0.490296415,0.687271911,-0.040751515,-0.155019152,0.032046997,0.202892434,-0.056351728,0.147047223,-1.375143574,4.670959391,2.828605151,-0.568597266,-0.582782319,0.302900934,0.045093872,-0.160551381,-0.001297131,0.057121182,-0.10331662,-0.174853586,2.500104443,-0.963936293,10.47877053,4.685648143,-0.453855259,0.127576854,-0.072621397,0.026657762,0.11312551,0.043413162,-0.043007464,-0.087284995,1.948391601,-1.781323651,-1.40322246,5.914008817,-0.621070664,-0.513932229,0.081278561,0.001665096,-0.038519368,-0.04554774,-0.013854838,-0.287778037,-0.45681447,12.8032337,-2.996216352,-1.51565348,-0.075668789,-0.321248164,0.035133758,21.25,71.25
-0.070229374,-0.17849868,0.020739336,0.05044968,-0.205849695,1.180768746,-0.804826115,-1.738899106,3.445507062,3.047533838,-0.22969134,-0.017655675,-0.008124601,0.428540359,-0.034523224,-0.036532394,0.289214534,0.643510622,-1.825064023,-2.98716719,-1.042684511,1.333171816,0.248667148,-0.049805918,0.058423183,-0.083288048,-0.040414205,0.031568649,0.040552373,-2.043230387,0.77340205,-2.022870157,-2.887299099,-0.506843428,-0.142377575,-0.04876667,-0.119056893,-0.110407178,0.002989162,0.001137912,0.350397892,0.727978647,-1.817706502,-1.277269477,-1.801275679,0.432156162,-0.149862311,-0.014031407,0.042246306,-0.022030472,0.025589392,-0.085815995,0.071003371,-1.928020173,-5.595428877,-2.995911982,-1.590659843,-0.434329407,0.111589759,0.108131842,0.130260592,0.479241951,-0.065508088,-0.028589714,0.099773447,-0.170356615,3.969559061,1.275865484,-1.744915489,-0.227175129,-0.462859212,-0.02995693,0.107659143,-0.05620212,-0.019907606,-0.001554962,0.336008424,0.916148484,-1.861559101,1.797175072,-0.540596231,-0.040054765,-0.489520448,0.063390305,-0.077176506,0.06389399,0.087845181,-0.038454995,-0.076297674,1.206242996,0.41428694,0.978373134,5.519738201,-0.065633623,0.355485598,0.016326236,0.002726374,-0.141949083,0.36230089,-0.064565063,-0.039675228,0.056483365,2.297578967,7.438408912,-0.647697068,-0.348717928,0.344542077,0.111207626,-0.152633403,0.445094401,-0.008298374,-0.072344495,-0.096054114,1.556833524,3.046333476,7.185881505,1.571791147,-0.158632736,-0.062538547,0.052760515,-0.070676621,-0.035079514,0.04152636,0.194590711,0.136186567,0.578564058,-2.254304262,-0.471934392,1.92352299,-0.054318775,-0.057944,0.215513449,0.188442632,-0.199345984,0.015647525,-0.079334814,-0.452349724,-0.621265818,3.88642205,-2.497740211,-0.873189149,-0.265268777,-0.268055625,0.142624693,23.75,71.25
-0.102866595,-0.115457508,0.09877639,0.356257214,-0.40206558,1.287980381,-0.766308102,-2.166388553,2.346482646,0.805132451,-0.000433285,-0.048624764,-0.041089625,0.041269972,-0.069090414,-0.135568448,1.047518249,0.028683043,-1.590951504,-0.831928192,-0.745114794,0.19369655,0.070541939,0.084025767,-0.029348916,-0.176700087,-0.056161668,0.048276135,-0.181088965,-0.479480694,0.361739467,-0.967068633,-0.303600317,-0.23519559,-0.014293218,-0.057813707,-0.10146167,-0.141560327,-0.106706793,-0.100712106,0.162954656,-0.213095548,0.525559478,0.448230572,-0.478669432,0.215644207,0.053619087,-0.032901338,-0.003702255,-0.197221715,-0.008924344,-0.181782706,0.173357389,-0.579457835,-3.449513408,-3.590190145,-1.054631039,-0.138264008,0.001351044,0.088491951,0.07605648,0.491343798,-0.08802409,-0.069756449,0.046729413,-0.520857859,2.510578435,0.949366565,-0.704776784,-0.116397729,-0.138239529,-0.092089436,-0.004878698,-0.176361691,-0.087782349,-0.137471282,-0.07836116,0.230170193,-1.09454687,-0.100077089,-0.575972997,0.204509167,-0.115684925,0.033141795,-0.028649739,0.220362229,0.00204837,0.1419015,0.017893033,-0.355815081,-0.127831383,-0.060788289,0.626778495,-0.172591401,0.055776244,-0.043105185,-0.035207412,-0.265098779,0.363987067,-0.1055965,-0.170308112,0.044448575,-0.923008329,6.777815891,-0.721923582,-0.109189383,-0.070862371,0.053598413,-0.172146895,0.887851839,0.227614881,-0.270581214,-0.066054633,-0.144510482,0.273992169,2.092237187,0.293421106,-0.094826574,-0.062190422,-0.01090911,0.022580703,-0.067317406,-0.145295094,0.368970681,0.328551926,0.508817743,-0.580736605,0.456005474,-0.591710074,-0.110740435,0.0361105,0.596665634,0.088836122,-0.295156018,0.175429494,-0.124982162,-0.399229617,-0.079030274,1.455058819,-2.016596851,-0.170482154,-0.192979784,-0.064508185,0.013914779,26.25,71.25
-0.230769719,0.049668644,-0.158143027,0.359963466,-0.17424514,-0.068453591,-1.238656572,-1.203196589,0.921616739,0.319015954,-0.05479848,-0.252961474,0.107398897,-0.062650213,-0.343433647,-0.373169082,0.017826651,0.277562749,-0.781352529,-0.880961045,-0.494283493,-0.153465953,-0.025146558,0.238876667,0.035539744,-0.205124912,-0.406049714,-0.204000876,-0.340158018,-0.529386804,1.168117953,-0.834661987,-0.040704365,-0.102419534,-0.03622527,-0.228800158,-0.344688779,-0.343439548,-0.405355053,-0.027517267,0.210885025,0.124624191,1.248658381,0.158036333,-0.229815003,-0.040262284,0.016378451,-0.108561533,0.030652391,-0.319337252,-0.054878336,-0.301125817,-0.017676964,-0.560391436,-2.324525617,-1.803266804,-0.250445364,-0.260889001,0.008039993,0.080164638,-0.077027434,0.522092221,-0.080775599,-0.177032332,-0.075701778,-0.097482147,0.832682466,1.934157282,-0.288292956,-0.095859854,-0.086719633,-0.154971262,0.025875824,-0.449274185,-0.340174559,-0.274036162,-0.265603376,0.024893582,-1.122362803,-0.318757478,-0.394817556,-0.170639216,-0.067566208,0.265047764,-0.147343333,1.020849496,0.347200046,-0.159620291,0.090447232,-0.560192576,0.484827991,-1.475881031,0.540989687,-0.257423553,-0.021264669,-0.215563971,0.107072076,-0.327756911,0.142812316,-0.155537865,0.026131043,0.302863675,-1.106067569,1.548004274,-0.379322457,-0.112744928,0.139782454,0.382037297,-0.259692865,1.119759002,0.638342585,-0.266797906,-0.217409414,0.464658429,-0.533465134,0.081894868,0.245066559,-0.015093939,-0.069723525,-0.197007222,0.134008712,0.376864573,-0.449219349,0.807064276,0.274363627,0.313013765,-0.548002861,1.959398686,-0.126233564,-0.078961995,-0.054571797,1.304321193,0.553064837,-0.084978546,0.257118509,0.175217954,-0.237563639,-0.191431167,0.863833689,-1.115496376,-0.133465151,-0.025736353,-0.046601432,-0.023808543,28.75,71.25
-0.127938794,0.275126862,-0.459613834,0.999891905,0.0109189,0.122947832,-1.212160062,-1.283701345,0.833480877,0.388689924,-0.1232531,-0.521539964,0.144990159,-0.049529708,-0.359934201,-0.614817516,-0.192202238,-0.046870758,-0.236583651,-1.30895922,-0.363698819,-0.138287234,-0.032072898,0.255603879,-0.095400956,-0.578921629,-0.932001707,-0.604967098,-0.60695682,-0.321874048,0.685876313,-1.274871282,0.17661071,-0.184206444,0.022690198,-0.223609625,-0.363324595,-0.537662576,-0.903135305,-0.325502644,0.089759152,1.107412194,1.29019508,-0.414969276,0.045943874,-0.117312841,-0.05537287,-0.237086855,-0.00558668,-0.193068825,-0.083944104,-0.206936054,0.057370173,-0.420181446,-1.775920379,-1.776524107,0.076923326,-0.109755232,0.142287534,0.095194436,-0.185402051,0.61199192,-0.509758809,-0.042752385,-0.020105362,-0.167088314,-0.997023987,1.023207979,0.181301969,-0.094963562,-0.057306663,-0.312536282,0.055748001,-0.670911809,-1.121513461,-0.396385385,-0.049781622,0.65641737,-1.334957345,0.037683914,-0.156450896,0.381049372,-0.035165512,0.201714196,0.479942506,1.393401768,0.66152795,-0.279548225,0.306943444,-0.517289737,2.16839857,-0.953502377,0.326977245,-0.298138245,-0.138539651,-0.395724705,0.506866995,-0.478356001,-0.099894244,-0.570852462,0.335423931,0.192248479,-0.630088192,0.076161499,-0.094850504,0.069827909,0.681040605,0.710724279,-0.315476152,2.17830678,0.848084648,-0.728094776,-0.153961628,1.545332413,-0.03205831,-0.134333404,-0.026652869,-0.097874705,-0.135055185,-0.220884573,0.259562446,0.15894644,-0.857871172,1.34407166,0.664420861,0.921753841,0.108828332,1.871273483,0.514457595,-0.156497789,-0.169342639,0.819132412,0.344776702,-0.476230928,-0.071367111,-0.082903706,-0.342163981,-0.700712317,0.381057711,-0.754984024,0.9685026,0.218138488,-0.010864896,-0.095739988,31.25,71.25
0.080263413,1.576606157,-0.617534559,1.982691906,0.427344989,-0.04008477,-0.237715457,-0.951433762,1.121102119,0.247987121,-0.294139272,-1.434599764,0.894643015,-0.271486742,-0.182903774,-1.86737401,-0.966691409,-0.393114533,-0.002794327,-0.632511966,0.367593608,-0.448859425,0.165004638,0.114477362,-0.307324881,-2.291657025,-2.180366485,-1.403657033,-1.152656959,-0.145080434,-0.616434165,-1.114999676,-0.129168872,-0.106116643,-0.016625633,-0.690634355,-1.454423443,-1.638106775,-1.335821035,-1.468280546,-0.479996364,0.346815515,0.652548089,-1.147205484,-0.382525718,-0.667373992,-0.135028848,-0.495837633,0.124443751,-0.477509434,-0.561195449,-0.565808777,-0.992762815,0.156365102,-1.854998067,0.04257288,-0.15920188,-0.560541369,-0.015838792,0.348528628,-0.960201074,1.723101353,-0.335822104,0.281676648,-0.278550105,-0.553574918,-0.175707257,0.405638154,1.273254076,-0.066865358,-0.024855056,-0.171576227,0.312855691,-1.286544124,-2.715915541,-0.373161201,-0.293115826,0.247307526,-0.617463003,-0.096749643,-0.453664119,0.902552581,-0.032852351,0.576398702,1.140552686,2.002301519,0.420002367,-0.953862064,0.823620221,-0.825671385,1.024676052,-0.922156885,0.185170413,-0.166663945,-0.069580283,-0.78015614,1.644679623,-1.077130349,-1.328632422,-1.321381102,-0.514270671,0.424524676,0.658715127,1.173521912,-0.232666442,-0.222075259,1.262578529,1.87126925,-0.983494419,3.346588008,1.914573249,-1.625082189,-0.241821854,1.561449122,-0.07379622,0.367269584,0.276331465,-0.29324392,-0.087990875,-0.646919914,0.759617599,-0.204098869,-2.416162878,2.514132695,0.216500831,1.156520263,0.142825082,2.49167231,-0.077621252,-0.336112407,-0.469242695,0.387641337,0.851881281,-0.079076128,0.265160877,1.859405379,0.065620065,-0.738168629,-0.727490683,-1.440809727,1.267449693,-0.203583052,0.017704275,-0.426077897,33.75,71.25
-0.041987819,-0.08452859,-0.039281952,-0.044155779,-0.07113691,-0.479978868,2.596483826,-0.782381086,7.803940673,2.407757354,-0.197709308,0.030165656,-0.085396858,0.130269866,-0.049397033,-0.099566831,-0.046611127,-1.090671923,-1.155423581,-4.441105202,-0.227196121,2.278550856,0.359195008,-0.171450023,0.03845224,-0.066057879,-0.04073474,-0.057685049,1.232933295,-0.28653967,-1.418919311,-3.045646263,-3.922260067,-0.805198576,-0.437907505,0.058846497,-0.079987861,-0.074038421,0.159611372,0.110881619,0.236180905,1.100972459,-4.922862461,-2.880378235,-3.842919359,1.386033749,-0.589701639,0.016578859,0.076019689,0.00930733,0.047163283,0.031530553,0.076763706,-0.451184904,-10.41552084,0.090398805,-1.925686934,-1.735015622,0.062043541,0.056318804,0.088208216,0.648292474,-0.117171678,0.034804184,-0.403402489,3.037990634,3.393190222,-1.295251914,-1.552528332,-1.149238845,-0.295264742,-0.039720034,0.250173582,0.055932342,-0.011936328,0.015185826,0.768800281,0.741262136,-1.873690445,5.222374756,-0.656111978,-0.137802656,-1.094922056,-0.041697504,0.012280927,0.014617892,-0.005182273,-0.043188266,-0.545319861,4.364695605,2.553992962,-1.120688236,4.699064753,-0.647757137,0.408113136,0.015168516,-0.036306866,-0.093248451,0.692851318,-0.059707846,0.333006404,-1.216091995,3.69184425,6.122458346,0.464226419,-0.250564634,0.66222647,-0.09344582,-0.116973828,0.055720714,0.00763817,-0.023085752,-0.119928731,1.829356735,-0.661820771,4.777933668,2.443510858,-1.086180754,0.055971271,-0.051591972,-0.031721575,0.049381233,0.045344583,-0.014024974,-0.564669704,0.90830328,-4.955707001,-0.68251522,4.582430956,-0.777890849,-0.527904172,-0.030649281,-0.067403077,-0.110843962,0.054220314,-0.020467232,0.0938262,-2.052862836,4.387313052,-4.15865127,-1.031167791,0.097821724,1.248072638,0.17628887,21.25,73.75
-0.114126054,-0.141841874,-0.008529143,0.036424204,-0.147306813,0.268268847,-0.494308217,-3.552674255,6.624026194,1.601880195,-0.443120991,-0.014826855,-0.086975859,0.136460496,-0.021369707,-0.085692535,-0.027442469,-0.372109593,-1.911768056,-5.151970098,-0.654133144,0.554155347,0.367352494,-0.094974756,0.083728039,-0.140069378,-0.007533828,0.096275557,0.743368021,-1.156586205,0.000102827,-4.004986107,-2.063480713,-0.961737181,-0.226052521,-0.040882678,-0.106236136,-0.076998223,0.059382226,0.035470188,0.236597384,1.712520657,-2.037631098,-1.601055419,-2.781638996,1.010382492,-0.395221051,-0.018037038,0.057297826,0.08980451,0.018946637,-0.053370131,-0.008612183,-1.064245457,-7.508988264,-4.127291528,-1.422212307,-1.126167259,0.099636458,0.071367809,0.29652559,0.550253603,-0.07261788,-0.001520208,-0.014376174,0.178894515,0.77286907,-1.788146999,-0.991776603,-0.233126325,-0.424425895,-0.036880586,0.16246833,0.000644525,-0.036826769,-0.067083693,0.009319062,0.297650849,-0.441604488,3.134510763,-0.654651481,0.351885485,-0.745944639,-0.038773653,-0.055132771,0.153996325,0.070074638,0.239967001,-0.309387352,-0.43939012,2.169106533,-0.732974013,4.983580369,-0.34080045,0.510704933,0.038894445,-0.106984179,-0.13932557,0.516498048,-0.153383692,-0.117534466,0.603536337,0.785436539,7.368492996,-0.418126393,-1.021159765,0.31326578,0.004679701,-0.211834967,0.220675967,-0.069579101,-0.162175416,0.046734204,0.496504245,0.605027554,4.437196483,0.516089444,-0.17361614,-0.012060667,0.006018633,-0.03538591,-0.057856895,0.025755304,0.076030336,-0.070221914,0.379390808,-2.596425337,-1.100442865,0.695490402,-0.300797127,-0.403983249,0.127952171,-0.016829962,-0.161437252,0.058233837,-0.067079856,-0.042649731,-0.298634592,3.251497411,-3.57317464,-0.220087101,0.495318009,-0.016341401,0.116186238,23.75,73.75
-0.172093939,-0.269058454,0.142318108,0.070225395,-0.319956189,0.300765455,-0.564307612,-1.846754964,2.126006846,1.315238379,-0.078814261,-0.017903537,-0.078624624,-0.02950153,-0.062766334,-0.206477556,-0.096458473,-0.184084026,-0.434291658,-2.645820331,-0.558096413,0.278613731,0.141076838,-0.044345956,-0.005657447,-0.227535615,-0.067728359,0.138799341,-0.089603279,-1.134413115,1.825341116,-2.908283033,-1.045746193,-0.321707138,-0.05563948,-0.045216765,-0.162758177,-0.176270133,-0.116289851,-0.134863969,0.373975607,0.176970389,-0.523801552,-0.463649245,-1.124366302,0.358715319,-0.078347185,-0.007433685,-0.049137316,-0.100358593,0.00562366,-0.139193604,0.030038081,-0.391678672,-4.753264515,-2.548941426,-1.375908175,-0.353029692,0.020707057,0.095284245,0.260718786,0.767659492,-0.077642292,-0.14372502,-0.04338034,-0.398185631,2.46257243,-0.246701534,-0.548538938,-0.236217431,-0.193912419,-0.06855061,0.091672223,-0.128520538,-0.075112946,-0.041563228,-0.34404245,-0.071063739,-1.543514177,2.781303574,-1.034031058,-0.011196838,-0.232481087,-0.019235208,-0.019167173,0.186908709,0.072225702,0.237522609,-0.302210956,-0.48558064,1.510345664,-2.377984892,0.784833418,-0.288078785,0.181132118,0.029860115,-0.074192574,-0.377619474,0.313532906,-0.158918059,-0.145842009,-0.143439664,-0.594200284,2.140239768,-1.305722046,-0.205005882,-0.013768439,-0.049031091,-0.244734491,1.203630168,0.213082541,-0.222317886,-0.305053306,-0.477482467,0.821601676,1.818492544,0.289508704,-0.096062792,-0.028672184,-0.046038476,-0.12786892,-0.140137046,-0.075266622,0.540257379,0.762141001,2.111319511,-0.981787804,1.083233022,-0.198978037,-0.020910987,-0.006002726,0.099007713,0.103987375,-0.361756624,0.138492468,-0.225989723,-0.079151432,-0.376801731,1.585157194,-2.437248418,-0.250494857,-0.048882343,-0.111822391,0.023663039,26.25,73.75
-0.212484815,-0.044510348,-0.163688968,0.264717557,-0.464102666,-0.195108955,0.900670738,-1.266918314,1.888607788,1.767474433,-0.003856537,-0.128993478,0.124042245,-0.282301587,-0.26913154,-0.280655709,0.651104497,0.075362408,-0.224429496,-1.394228488,-0.620343888,-0.147221051,0.028920853,0.02149657,0.164827136,-0.106273168,-0.293598578,0.061953929,-0.618684947,-1.08562251,1.147325913,-1.09637431,-0.612732525,-0.208510146,-0.011209305,-0.128349623,-0.286881729,-0.34774536,-0.283099386,-0.259493723,1.200599683,0.512335413,-0.075808827,0.071636486,-0.661315458,0.011142432,0.108831121,-0.06237728,0.057401474,-0.337885797,0.052350507,-0.189068056,0.466800977,-0.585984867,-3.523453764,-1.36593772,-0.599776669,-0.608841672,0.024020481,0.116873546,0.107011833,0.503158292,-0.064734273,-0.048810288,-0.080745052,-1.192572477,2.671947033,1.23676828,-0.015865113,-0.242322144,-0.152295374,-0.081538385,0.22538709,-0.507428877,-0.311750292,0.013084381,-0.29425236,0.042144136,-1.335613904,0.970831324,-0.630091217,-0.138354816,-0.118389164,0.226436228,-0.063059718,0.961435695,0.551820774,-0.1387885,-0.206698918,-0.419856162,0.935653831,-2.023144352,0.693455337,-0.277713648,0.0302795,-0.088619922,0.030585956,-0.485539912,0.37521741,-0.178166875,0.309412405,0.242321221,-1.398563397,-0.906789463,-0.627714811,-0.092355749,-0.072400439,0.288820538,-0.162851197,1.848217837,0.626016058,-0.243070929,-0.391191447,0.772196353,-1.568219747,-1.069366549,0.214476124,-0.087781317,-0.102501703,-0.078939493,0.046665616,0.32231762,-0.433668713,0.991454213,0.821524195,2.027370892,-0.94542799,1.541425863,-0.303912336,-0.157862595,0.05780245,0.324303474,0.219336779,-0.217702206,0.249212886,0.148345546,-0.261886143,-0.989444477,1.039336819,-1.710250003,0.376960189,0.032169561,-0.017687576,-0.051012571,28.75,73.75
-0.482178889,0.348587544,-0.572045892,0.671790356,-0.178758692,-0.63351658,0.239345198,-1.558670143,1.451300551,0.746656282,-0.153697901,-0.651408376,0.267471522,-0.343787131,-0.447420948,-0.565818496,0.360454846,0.556986619,-0.775770693,-2.295630484,-0.153738965,-0.069914163,-0.074957145,0.176201121,0.086538953,-0.55396645,-0.760438817,-0.138937124,-0.749775565,-0.515238919,-0.490949452,-1.67128793,-0.368616917,-0.264869501,-0.03827938,-0.458563956,-0.791086738,-0.749844699,-0.903679337,-0.467099473,0.510354601,1.713719124,1.272979314,-1.001048122,-0.548002862,0.082743618,-0.007149037,-0.207997927,-0.010426625,-0.921961572,-0.153634642,-0.380446338,0.190407177,0.198278896,-3.795697027,-1.428738833,-0.05556416,-0.485315452,-0.032248095,0.030593272,-0.382438324,1.318425905,0.112668348,-0.089987105,-0.314007936,-0.391492658,-0.639471416,0.535100157,-0.259319884,-0.159017728,0.007957871,-0.19131424,0.141825994,-0.802723473,-0.789985795,-0.031033164,0.1737283,1.223027384,-0.723607707,0.121803287,-1.131517001,0.168822603,0.027279484,0.159193443,0.370464022,0.853201905,1.038785236,-0.467223514,0.248626748,-0.415239176,1.638486086,-2.479787291,0.260701148,-0.132372798,-0.093926325,-0.399576906,0.54499333,-0.527567072,-0.004224626,-0.5375928,0.627809117,0.529810315,0.500515896,-0.620173424,0.590722437,0.086188519,0.174484755,0.789409764,-0.434709142,1.777944101,0.860928065,-0.554532355,0.01550324,2.207189637,-0.731658105,-0.959472166,0.052120344,-0.144365663,-0.12884678,-0.223820883,0.302783151,-0.414144308,-1.120069331,1.270154622,0.724425109,2.207879645,0.253304318,2.550507976,-0.1371123,-0.162115439,-0.169228389,0.314960096,0.139982054,-0.692168219,-0.134275181,0.073914492,-0.416582217,-1.681051046,-1.557835607,-0.754416477,1.0638516,0.171045537,0.053312445,-0.200801252,31.25,73.75
-0.739424559,2.312613059,-1.048926528,2.12956687,-0.054183299,-1.187385458,-1.472861234,-0.84618401,0.536776169,0.22528144,-0.337099953,-3.008068766,1.086912883,-1.309896856,-0.507974529,-2.228066203,-0.872177231,-0.061221742,0.015664856,-2.013230463,2.25306893,-0.273576254,0.160016756,0.092768704,0.459370782,-1.829831512,-1.564279185,-0.714625542,-0.767750558,0.524231327,0.270206737,0.05431085,0.671438082,-0.693536884,-0.02947031,-1.512028199,-2.207055307,-2.187450402,-1.943641795,-1.150069388,-0.108449202,1.498178765,1.237186913,-0.53607116,-0.390651856,0.00712332,0.431326081,-0.596008939,0.064046326,-1.674768887,-0.64819937,-0.929771805,-1.436146792,0.536880366,-5.398247159,0.300282872,-0.376196393,-0.706164513,-0.826978323,0.297552273,-1.614254885,3.883095256,-0.225443361,0.58840584,-0.039102036,-0.358000466,0.362805795,-0.892762426,1.014447054,-0.859670957,-0.623259701,0.242813198,0.811856293,-1.994950818,-3.502491502,0.361248843,-0.121159164,0.283278205,-2.023110023,0.559592816,-1.109249654,1.378178487,0.452850991,0.962206885,1.400354406,2.986998252,0.380932246,-0.901722897,0.338915112,-2.066571469,0.365946308,-3.044300006,-0.753478998,0.316536174,-0.449572155,-1.740900369,2.10474248,-0.352146688,-1.991370304,-1.20005078,0.238670765,0.546794318,4.329018415,1.284381768,-0.75626473,-0.579949943,1.432158685,1.745503129,-1.94197122,1.013725655,2.158853098,-1.648163903,0.083495839,1.043575509,-0.672298656,0.391758518,0.447964368,-1.053309541,-0.259802177,-0.800513355,1.511612392,-0.781778415,-3.431835353,1.598744967,-0.32848473,4.199160518,-0.398955385,-0.357657064,-0.979697249,0.114613235,-0.08433373,0.115909054,0.15851535,-1.183531043,-1.353564841,0.949712974,-0.796322411,-1.926578733,-3.555838185,-2.033597572,0.383233739,-0.042850018,-0.04678005,-0.863807873,33.75,73.75
-0.181422084,-0.218264621,-0.191941478,-0.12196677,-0.133589357,-0.109812187,0.231856747,-1.156237718,7.431101484,0.850027928,-0.129492654,-0.056752252,-0.17067302,0.899685106,-0.04455552,-0.154974633,-0.045037259,-0.130092711,-1.646419403,-2.79781329,3.226406208,2.491802432,0.149620495,-0.211372718,0.099086021,-0.038232533,-0.483673549,-0.089002626,0.928112371,0.905556509,-0.850652432,-1.6519297,-2.429463032,-1.080790059,-0.32785311,-0.020567149,-0.118085012,-0.127148402,0.538450855,0.121310589,-0.10388896,1.767703705,-3.326952504,-0.337134443,-3.489959985,0.833889187,-0.396968915,-0.151053556,0.004302416,0.218765165,0.00045674,0.187316783,0.063336183,1.427238302,-6.841098164,1.891836244,-1.342147125,-1.475392974,-0.038422299,-0.037684082,0.274593296,0.06159153,-0.371370742,-0.022281414,-0.544889782,1.439237204,1.026956996,-2.871121626,-0.030589169,-1.412940197,-0.5508,-0.202343604,0.2457603,-0.093107696,-0.410971572,-0.009228813,0.733399869,-1.869940003,-1.721271927,-0.515959318,-1.015795383,-0.365978001,-0.87648733,-0.126961846,-0.095412936,-0.083589029,0.10075084,0.138831547,-0.702509597,-2.305397797,7.327331685,-1.270468965,1.750893019,-0.32921687,0.024393096,0.012743871,-0.073534277,-0.158334319,1.654678813,-0.118717086,0.631152905,-1.036015008,2.529327007,6.537196601,3.781058601,-0.325153377,-0.003569198,-0.306272565,-0.331512865,0.244371159,-0.18631054,-0.064218222,-0.103300287,1.698837634,-0.490853736,3.505293563,0.912711107,-1.02582828,-0.506232426,-0.296952784,-0.18590377,-0.127499684,0.283471771,-0.027406666,-0.515467338,0.110813898,-4.408055907,-0.329085588,2.310313488,-1.416173641,-0.297809598,-0.174633897,-0.234515747,-0.073381126,-0.047222145,-0.024414006,0.670865924,-1.024456863,4.571703969,-3.081773097,-0.5273594,0.406860919,1.526773074,0.010175094,21.25,76.25
-0.206307087,-0.341911918,-0.01308398,-0.022747674,-0.075604017,0.023441676,-0.072063349,-5.389373966,5.296625844,0.533960176,-0.623072561,-0.048574688,-0.185637274,0.922024274,-0.050108784,-0.096051181,-0.153608283,-0.70919877,2.460589212,-4.867766717,5.124809696,1.11552773,0.087089382,-0.39087961,0.141382161,-0.42104156,-0.218331886,-0.033135571,0.80305418,-1.064380236,2.895405704,-5.891802909,-1.881929945,-1.35250155,-0.183633223,-0.045331904,-0.269769482,-0.20338042,0.17369746,-0.036977411,0.61575527,3.959379429,-0.106275237,-3.280275592,-4.85113719,0.981834497,-0.25744894,-0.14426693,-0.176213344,0.508958819,0.054230381,0.147769184,-0.002534672,-0.185421684,-7.905226148,1.2593497,-2.083443596,-1.741940365,-0.006350866,-0.002443316,0.425122674,0.539979133,-0.31047088,0.015800728,-0.339476569,1.076944906,2.321035457,-4.789178484,3.536892175,-0.577920137,-0.415546695,-0.232594561,0.369734431,-0.034443683,-0.246959933,-0.053719109,-0.177809976,-1.47657812,-1.144111102,4.187317519,-3.070548977,0.115200063,-0.939002404,-0.14149174,-0.230836782,-0.020601489,0.18456742,0.043509414,-0.579632207,-1.732296821,5.656904922,-4.096361157,1.818401796,-0.888640881,0.371207095,0.005390643,-0.062729284,-0.302595589,1.363632148,-0.066909798,0.711930109,-1.184990456,2.883561004,4.534941221,1.06836359,-1.358594931,-0.007361871,-0.244192014,-0.347197745,0.663530291,-0.151603419,-0.07563405,0.193658815,-0.366827594,-1.865487771,-0.381932805,-0.310099579,-0.434329716,-0.237665542,-0.09294546,-0.355446629,-0.195092658,0.016637371,0.099989338,-0.224682689,3.586579402,-4.429944124,-2.070430412,0.509511285,-0.817757862,-0.22422303,-0.092480041,-0.114680846,-0.179123411,-0.064019611,-0.033804012,0.232491279,-0.68156002,3.220648145,-5.667982632,-0.552522346,1.576166526,1.252782105,0.113384641,23.75,76.25
-0.23714467,-0.409997857,0.126464185,0.091460641,-0.287933093,-0.569756655,2.047359836,-1.419118665,2.789966413,0.767116747,-0.177510029,-0.029446107,-0.118877127,0.11757817,-0.139691417,-0.188963923,0.180586167,-0.014322594,0.555573858,-2.695955921,2.025381813,0.559600518,0.177965679,-0.186466265,-0.013907751,-0.40485862,-0.184342048,0.127563023,0.275919789,-1.114144338,2.762633075,-2.899374241,-1.42747944,-0.77181316,-0.132822353,-0.108211118,-0.252446473,-0.224784713,-0.104195718,-0.089123357,0.529855082,2.689404906,3.102760943,-2.826162073,-2.997019989,0.561326829,-0.227988831,-0.122736697,0.023213776,0.369789445,-0.009232226,-0.136141711,0.000189188,-0.336023418,-6.929552253,0.14869012,-2.057405708,-0.94309736,0.038291492,0.076660752,0.459454772,0.721268964,-0.094938726,-0.074536622,-0.166294635,-0.136962947,1.316416396,-0.540715763,1.384177951,-0.278796775,-0.293787635,-0.075251621,0.252308258,-0.135203082,-0.170661489,0.001964729,-0.100795125,-1.272790179,-1.831654974,6.457577243,-2.633989351,0.862965883,-0.47839343,-0.125447938,-0.021024455,0.183516295,0.17804205,0.225712596,-0.358801931,-0.32665298,4.484340425,-4.844778888,0.792429876,-0.520275414,0.318772218,0.017474883,-0.189431454,-0.483744132,0.676481879,-0.197307679,0.431571437,0.236709635,0.953120941,-1.270501981,-1.213571233,-1.062329208,0.030686234,-0.114608307,-0.244375478,1.307736416,0.311090399,-0.214816146,0.173839637,0.016361994,-1.248622014,0.486114339,-0.052835303,-0.143761458,-0.042407314,-0.074812419,-0.165304206,-0.282645676,-0.085662664,0.612464967,0.472954786,5.952984793,0.920115698,-0.268914852,-0.001129714,-0.449151881,-0.200253336,-0.089708022,-0.09178468,-0.404606017,0.078268899,-0.261686565,-0.004703384,-0.90538591,-1.20921718,-4.402534613,-0.172352339,0.722664183,0.05094103,-0.049992058,26.25,76.25
-0.339346973,-0.070908187,0.154158062,0.177267373,-0.681867544,0.232470362,0.446007535,-0.425629281,3.818369823,2.184438,0.12133852,-0.244431516,0.063310667,-0.476475379,-0.462262727,-0.435470335,0.258647348,0.242961415,-0.714429459,-3.086399864,-0.35956873,-0.073373968,0.037310598,-0.08907628,0.218452827,-0.076117452,-0.425938181,0.173539597,-0.630932377,-1.341890107,-0.444285262,-2.03349161,-1.610033599,-0.453704285,-0.136173036,-0.177734778,-0.46533908,-0.329832935,-0.525240322,-0.464724034,0.881174354,1.87102854,0.33467377,-0.294129266,-1.969525116,0.249089491,0.034893524,-0.171816314,0.140097391,-0.229165496,0.024423263,-0.280161181,1.091907035,-0.712781341,-5.960598321,-2.440098597,-0.786025994,-0.708359697,-0.111171959,0.086520103,0.567102523,0.323845808,-0.079741306,-0.056724404,-0.17728522,-0.580288955,4.702591991,0.998335153,0.442479602,-0.23717545,-0.144852899,-0.052966207,0.168804704,-0.583623422,-0.245169825,0.4196885,-0.174144895,-0.414009459,-2.820436699,2.504315261,-3.295039637,0.854959201,-0.199669337,0.007567282,-0.131034091,0.887210699,0.617991956,-0.03512565,-0.372579738,-0.026619285,3.698054173,-2.672086848,1.184960974,-0.384463602,0.042903603,-0.06502382,-0.230554219,-0.52724736,0.380582467,-0.444937426,0.905356686,-0.120834701,0.060736968,-3.545687774,-1.476445092,-0.54533404,-0.134005782,0.065519179,-0.389904342,1.978209718,1.003946194,-0.366755225,0.358857705,0.847692855,-0.279601993,-0.357631378,-0.155519511,-0.137031774,-0.123172564,-0.141179317,-0.035771924,-0.017723904,-0.649458849,0.923126113,2.049146241,4.294811737,0.751057448,1.314988342,-0.152690939,-0.109165751,0.053783386,-0.063066811,-0.078863403,-0.642279477,-0.130031237,-0.043062373,-0.279612449,-1.730103685,-0.897509678,-2.783306003,1.378126324,0.254228195,0.05607361,-0.164192583,28.75,76.25
-0.926178499,1.204924096,0.134647975,0.973060716,-0.769276388,-0.110470902,1.051820072,-0.986784673,4.812644961,2.537228108,-0.11427379,-1.190497415,-0.101056942,-1.12326769,-1.37403234,-1.24614286,0.545329999,0.929617773,1.936022748,-2.841605004,0.799858249,-0.198253682,-0.24596058,-0.264688059,0.62385253,-0.376305374,-0.420141086,0.063430944,-0.142507769,1.4522929,0.028471626,-1.72769036,-2.16948814,-0.59233025,-0.030684159,-0.81176724,-1.30062183,-1.51213551,-0.843814582,-0.894366345,0.668547603,1.548887882,1.538411041,-0.381130253,-2.428992218,0.499758585,0.148308153,-0.347100097,-0.214080889,-0.836998531,0.04620107,-0.098703586,-0.070452409,-0.804847493,-6.026162488,-3.323161968,-0.915554224,-0.99591633,-0.271581843,-0.038969592,-0.183560872,0.681657051,-0.553675847,0.187774258,-0.494443326,-0.547754906,0.682931003,-0.943447623,0.496042699,-0.573910803,-0.39372322,-0.43059777,0.068823384,-1.538312442,-1.272680931,0.354926378,0.102223054,0.334194888,-2.293502398,-0.21322421,-3.133390207,0.779294849,-0.115328669,0.036001616,0.061505958,0.113059119,0.139374976,-0.349300414,-0.216719837,-0.915993846,0.040559058,-4.983292396,-1.325405757,0.055946084,-0.194048354,-0.779851061,-0.072118322,-0.52143028,-0.235310499,-0.418067912,0.75224005,0.006834141,0.527154717,-3.255481083,-1.261792875,-0.834863694,-0.053793196,0.034806945,-1.101856742,1.438278622,0.716108792,-0.937493539,0.420278511,0.354043895,-3.571029949,0.502528748,-0.540755743,-0.530207264,-0.298294834,-0.404453317,-0.025947307,-0.682131996,-2.028609806,1.065306484,0.673971486,6.019378932,-1.476083658,0.065841245,-1.064269873,0.010246651,-0.074033769,-0.298397715,-0.133546697,-1.000805896,-0.913349955,0.045965068,-0.760316295,-3.0102967,-3.001647888,-3.552058237,-0.147543268,0.506534466,0.107802242,-0.490791727,31.25,76.25
-0.720368586,2.283051186,-0.474884983,1.00732109,-0.430101963,-0.109662989,-0.774710353,-0.584231298,1.243649978,0.990116092,-0.136762304,-1.99314784,0.708448705,-0.975542255,-1.452927237,-1.237313785,-0.153021758,0.193797415,0.217241834,-1.470638122,0.494221978,-0.095293728,0.049012932,-0.238202929,1.000564767,-1.068443545,-1.108887267,-0.097218095,-0.674084928,0.813905208,-0.327073485,-1.094322294,-0.480328655,-0.451297945,0.103731485,-1.20182188,-1.684146923,-1.527328513,-0.9516837,-0.639051572,0.471646936,0.854373927,2.386300854,0.272388688,-0.50964007,0.173359231,0.293482608,-0.221049871,-0.294543043,-1.186833589,-1.001108046,-0.115361295,-1.021993543,0.119542616,-2.182188359,0.855791972,-0.594657047,-0.612281405,-0.529964102,0.216219095,-0.922331906,1.442275333,-0.810095029,0.845073653,0.34341001,0.111080234,1.041878159,-0.43294025,1.647011595,-0.60970481,-0.649581547,-0.05496436,0.316198563,-1.663817226,-1.955126251,0.298402159,-0.757583204,0.221117769,0.40491109,0.692753449,-0.980191492,1.160385682,0.105048238,0.531172843,0.193856304,1.295936492,0.377904299,0.059392924,0.638133444,-1.053539436,-0.129879261,-1.847027966,-1.254726517,0.264104218,-0.348873144,-1.186498273,0.530280469,-0.017665975,-1.048340264,-0.274098622,0.353296987,0.376339667,2.476284489,-0.043088945,0.135205976,-0.60724748,0.765886317,0.5629143,-1.693059208,0.241838647,0.956811255,-0.99029999,-0.153820513,0.314608263,-0.788536957,1.847248585,0.325599173,-0.729756947,-0.270398242,-0.371779454,0.258391478,-0.520492611,-2.493708156,0.554716885,-0.575441029,2.393295309,-0.640022801,0.458510943,-0.616365867,0.008438563,0.039672382,-0.377183921,0.134899544,-0.939597206,-1.1815428,-0.031398795,-1.021066058,-1.671339215,-1.146849909,-0.988619425,0.917630597,0.321871497,0.228048309,-0.502514608,33.75,76.25
0.368648051,0.130453034,0.159653159,0.036786454,-0.181667479,-1.637247128,-1.438697532,-1.81195184,5.360071688,0.123197806,1.095025627,-0.14170605,-0.518870372,1.238425184,-0.21297569,-0.167445579,0.302028451,0.136631774,-0.999449688,-1.343816624,5.663061312,1.605097866,0.09697605,-0.559028272,0.057949291,-0.155149734,-0.837859264,-0.149300358,0.386790186,-0.319260538,-0.65590318,-2.41741914,-3.019220889,-1.677624881,-0.546527758,-0.029119517,-0.373778436,-0.377721538,0.470978848,0.348951071,0.357256878,3.623789538,-0.418188096,1.052166633,-3.9854534,1.095465476,-0.520015322,-0.139684559,0.036972279,-0.215282154,-0.016769143,-0.023705138,0.706854331,0.592448422,-7.631714508,3.339986545,-2.891777377,-1.446873924,0.143986143,0.141245851,0.338413657,0.376871951,-0.151628475,0.007731636,-0.510435808,1.271594605,0.630670491,-0.071689769,1.038306438,-1.243256463,-0.690155451,-0.483241182,0.480565296,-0.214448355,-0.79380486,-0.118680839,0.256670031,-1.22454101,-1.510670089,-0.145294781,-2.742474265,-1.231652934,-0.70468416,-0.024449854,1.026611837,-0.219353442,0.146660371,0.080848793,-0.787670647,-0.651439891,5.983458614,-2.16601735,3.703447914,0.099122223,0.006641929,-0.261227055,-0.114122506,-0.443429306,2.0062128,0.019360825,0.599737008,-1.011764123,1.613864062,2.874852362,4.955357351,-1.061430089,-0.116314216,-0.361715494,-0.360074506,0.638339487,-0.222059077,-0.15375253,-0.227964109,1.807220076,-1.436202545,0.917887305,1.972519948,-0.444823764,-0.402841732,-0.042296531,-0.61480466,-0.521142765,0.51839762,-0.08184272,-0.43171319,1.9002126,-2.845358141,0.307226052,-0.071448986,-1.060159728,-0.260895163,-0.446954839,-0.906640898,-0.040857624,-0.348284407,-0.125360249,0.251793108,-1.112258681,3.567402272,-2.977418594,-1.839688236,0.202479292,0.460280004,-0.362154275,21.25,78.75
-0.118126008,-0.596904704,0.54511014,0.179752567,-0.140520962,-1.494491837,-1.752000636,-1.886088099,2.050763748,-0.255326102,-0.080503294,-0.161466688,-0.252503831,1.653053968,-0.092588973,-0.119672553,-0.047396366,-1.013418778,1.087479118,0.573631825,12.47969726,2.134722872,0.021003318,-0.510688044,0.045791883,-0.888613571,-0.543055739,-0.110537797,0.171433622,-0.572784166,4.352489046,-5.132846016,-0.29894706,-1.351422115,-0.175850539,-0.072914943,-0.372288697,-0.341430789,0.114075547,0.251847755,0.619578984,5.64101121,0.992990735,-2.11437578,-7.106726729,0.688401653,-0.155284826,-0.15120883,-0.234886077,0.588753867,0.187777683,-0.030366462,0.262685589,-0.9613645,-8.403752325,5.497963305,-1.940689588,-1.351412697,0.126224927,0.026889761,0.370439745,0.982474002,-0.416188941,-0.112404428,-0.419918728,0.253123168,0.612681981,-1.814770174,8.390893709,-0.644854622,-0.347796509,-0.242998711,0.57779023,-0.166526293,-0.444412274,0.047394607,0.356173022,1.277015777,-3.457360646,1.597660103,-5.383586609,-0.097642385,-0.769109448,-0.149848348,-0.088134194,-0.209810765,0.42132541,0.033634596,-0.456432572,-0.720845975,10.95499597,-3.848107519,2.144729414,-0.790716679,0.043368826,-0.120314432,-0.123662738,-0.608078967,1.780270743,0.081176184,0.600604059,-1.693660443,3.606865979,0.470596523,0.659225798,-1.272702087,-0.080868609,-0.358567336,-0.509808356,1.405392329,-0.152904273,-0.118141608,0.04321713,-1.372297007,-3.484439743,-2.026489957,-3.473213316,-0.528763937,-0.366873853,-0.063583156,-0.599957906,-0.509764898,0.057145181,0.099078819,-0.13922595,5.772903675,-3.074687248,-3.136878957,-1.853429855,-0.844193009,-0.098138533,-0.262682005,-0.299012538,-0.417073577,-0.373869995,-0.068403186,0.214417746,-0.877261222,2.119515349,-4.635195156,-0.065466019,2.432612637,1.119973392,-0.037060378,23.75,78.75
-0.217237707,-0.595125142,0.210502727,0.224865951,-0.254097954,-0.411877033,1.662419359,2.787296543,0.24967723,0.67876491,-0.206260801,-0.087282691,-0.125196804,0.012899476,-0.335219025,-0.225257569,0.069661844,1.380061382,1.780094984,1.35107775,5.79171576,0.547364086,-0.002319014,-0.364723168,-0.175967741,-0.711608562,-0.355350584,0.003294538,-0.057217058,-0.058911505,0.556678174,-1.402450728,-0.557538164,-1.370646766,-0.097073788,-0.116721907,-0.342935514,-0.419474771,-0.05255412,0.189740534,0.894118565,3.69963029,2.002657706,-2.317485881,-5.231759535,0.404845019,-0.070032706,-0.245598906,0.074068034,0.649477922,0.150268347,0.029742445,0.442877537,-1.332915256,-6.477490234,1.793170975,-0.968526098,-1.382067366,-0.037602338,0.165539606,0.481217247,0.520683309,-0.258391007,-0.058204294,-0.048982614,-0.009423157,2.391786766,0.137838646,6.686200406,-0.326343312,-0.16949007,-0.097056336,0.600965264,-0.160220686,-0.27012726,0.131818317,0.090545779,-1.009078137,-2.272514689,1.703950177,-2.872878241,0.610292434,-0.412081169,-0.189800746,0.139183427,0.012723634,0.372388819,-0.054685262,-0.152187523,-0.470759571,2.917789798,-4.095513868,0.219405223,-0.293181096,0.151930242,-0.056749126,-0.247282623,-0.519493247,0.7078047,-0.105227525,0.608905832,1.218424851,2.292189545,-3.928211899,-3.116320141,-1.435586281,0.013910362,-0.168513891,-0.259696023,1.890175136,0.431139518,-0.105329889,0.296264325,0.295376487,-0.160713505,-0.72879224,-4.454349107,-0.392997149,-0.140077915,-0.100355394,-0.203555197,-0.321051049,-0.0353498,0.334551947,0.56457192,5.791979522,2.435768322,2.147808674,-0.642528807,-0.830217676,-0.172600878,-0.241173431,-0.373414748,-0.269672707,-0.084950715,-0.156194627,0.090520326,-1.752423427,0.179838444,-2.384728174,1.030133499,2.693484115,0.628711278,-0.1559564,26.25,78.75
-0.491602182,-0.523780653,0.461932785,0.524930765,-0.016291776,-0.149299748,2.159615154,3.542078882,0.59670929,3.124081145,0.040173047,-0.451260869,-0.253626695,-0.850048848,-0.770819971,-0.644050768,-0.160203953,0.942092671,-0.025893621,-3.438734847,3.508894874,0.346841955,-0.04711161,-0.359375512,-0.01905414,-0.370344257,-0.465636856,0.210800418,0.485703101,2.044811015,-1.417060629,1.037408022,-1.91159413,-1.192189473,-0.106671617,-0.264680907,-0.505392797,-0.879652301,-0.534223279,-0.374282363,1.365391786,2.775548581,-0.256237143,-3.442553232,-4.562610564,0.624735535,0.04511023,-0.285823443,0.395305027,-0.197092902,4.27521e-05,-0.024341331,0.530540064,-1.507908556,-6.942844741,-1.085136038,0.48069122,-1.455012891,-0.086359832,0.171178128,0.585384512,0.076578132,-0.284864855,-0.124637107,-0.587117522,-0.712947972,1.597039229,0.119157755,3.580342782,-0.412954223,-0.184774709,-0.139118189,0.132245979,-0.888395755,-0.501962078,0.609792923,-0.293849411,0.74263477,-3.858195259,-0.587689755,-3.500972976,1.219508589,-0.267600215,-0.092771189,0.021832632,0.297064515,0.131862818,-0.293006307,-0.845485611,-1.577589416,3.135361973,-4.518660118,3.9505359,-0.377452164,-0.028273079,-0.284213175,-0.642999473,-0.072831532,0.260217347,-0.39535741,1.203816413,0.130744514,1.066705049,-5.479934861,-2.736913523,-1.390006677,-0.10738717,-0.171507992,-0.730967218,1.822017776,1.133081304,-0.398697499,0.615859706,0.44162257,3.339183569,0.050135237,-2.078310732,-0.35726015,-0.205968003,-0.138592313,-0.238397511,-0.038751788,-1.012218496,0.564135479,0.643093103,3.491350634,2.278558642,0.899402795,0.982896415,-0.105182568,-0.027694381,-0.437312721,-0.126266726,-0.572887454,-0.362715267,-0.309017348,-0.18194585,-2.599991997,-0.951609651,-0.880530251,0.863804724,1.751799463,0.214916867,-0.322918988,28.75,78.75
-1.720643113,0.727195712,-0.061413569,0.637600448,-0.495856206,0.963648253,-0.523038589,1.931379841,0.794479421,3.5270083,-0.097255856,-1.06287013,-0.259335393,-0.946789259,-1.84881674,-1.682223846,-0.203901918,1.001648507,1.938169076,-1.927581166,1.297011701,0.029696567,-0.280018819,-0.51851073,-0.097929677,0.010648623,-0.621653944,0.224388696,-0.202039612,2.106454589,0.699227755,-1.047302445,-0.756012055,-0.818258194,0.025830795,-0.767536984,-1.288997848,-1.801484318,-0.768497476,-0.521439494,0.946562308,0.963132066,-1.268321445,-1.277951421,-2.641580236,0.509960053,0.13316428,-0.329790825,0.242374459,-0.391605268,-0.351960592,0.059594246,-0.523247797,-0.430108755,-5.503463511,-0.714342509,-0.424132087,-1.389647049,-0.195409308,-0.155116296,0.085800099,0.126351791,-1.161578648,-0.081186778,-0.748564181,-0.632469026,-0.84108937,-1.414733613,1.362763102,-0.977084,-0.41304387,-0.328312478,0.162489422,-1.720943977,-1.853606979,0.394924497,-0.29090434,0.216997673,-1.04158362,-1.524877454,-2.872560915,0.374433593,-0.158478796,-0.095168887,0.625475846,0.355662497,0.005954382,-0.532427008,-0.439136829,-1.56428054,1.28821523,-4.202627338,2.498367425,-0.161559776,-0.224491251,-0.522545629,-0.353406349,-0.289207911,-0.522680935,0.076438845,1.23587337,-0.003162116,0.878299206,-2.138720744,-1.937130608,-1.423344431,-0.01215081,-0.104732111,-1.88794621,0.797848457,0.253778968,-1.10117219,0.45241177,-1.075865528,0.508950774,1.507042746,-0.506907887,-0.544791727,-0.333088011,-0.326617574,-0.602595017,-1.420980686,-2.548472316,0.340080428,-0.80767936,4.205722251,-1.422358154,-0.51701066,-0.362434887,0.12886063,0.005331154,-0.853622704,0.174081382,-1.13959607,-1.323986082,-0.786306894,-0.889138757,-2.73819309,-3.486474857,-3.529411769,-0.561211107,1.199536279,-0.037545373,-0.569781087,31.25,78.75
-0.679467374,-0.009399877,-0.520312572,0.330076841,-0.481103269,0.263166789,-1.216182119,-1.76613138,1.004244449,1.400536048,-0.032276519,-0.827797161,0.222410211,-0.614965345,-0.889582651,-0.529695183,-0.233895355,0.072506989,1.527723978,-1.231526338,-0.705905598,0.168484093,-0.146945291,-0.28712683,0.42168533,0.03617554,-0.464200951,-0.057077393,-0.266086849,-0.346408439,0.902180416,-1.166994405,-0.608588506,-0.264088393,-0.009505917,-0.602504854,-0.625757941,-0.812034337,-0.382682957,-0.221980477,-0.036718627,-0.020453175,-0.862727926,0.497975826,-0.45749394,0.171812752,0.127600625,0.002419202,0.133023675,-0.585523785,-0.368880167,0.030165332,-0.559941563,0.005073928,-1.326108724,0.699316163,-0.012371007,-0.471453572,-0.168310836,0.10078759,-0.014362307,0.955817131,-0.206340093,0.294726999,0.273492885,-0.468662436,-0.056494008,-1.392952689,-0.059842756,-0.255397503,-0.251274085,-0.118681958,0.516957387,-0.8037469,-0.754766522,0.10249481,-0.43145459,-0.562879631,-0.935969972,-0.607637604,-1.078380463,0.23656999,-0.040303471,0.247831002,0.334275838,1.250272023,0.020799627,0.414720042,0.235846943,-0.35454342,0.193766077,-1.712936965,-0.803287906,0.100036972,-0.088218611,-0.510315279,0.451669158,0.101380956,-0.300733353,-0.072157179,-0.107095994,0.044929565,0.739121883,0.133998334,-0.638824999,-0.335237805,0.149180906,0.363112344,-1.005960762,0.128677997,0.536222378,-0.376780612,0.260102997,-0.182950644,-1.650981399,0.630334424,0.351073801,-0.198620107,-0.124714711,-0.164620805,0.377929736,-0.260270265,-0.971867094,0.098184664,-0.159631276,0.870752535,-1.283637483,0.049936017,0.139386691,-0.037519843,0.01941063,-0.348480268,0.10245598,-0.212921268,-0.460601558,-0.010203856,-0.413695085,-0.892081438,-0.557858129,-1.252978624,-0.0483229,0.174280783,0.088861124,-0.324485606,33.75,78.75
0.612683187,0.513829323,0.057652674,0.24868864,0.111380617,-1.697258955,-2.440025611,-3.041252304,3.947823943,1.463604888,1.224039319,-0.217478181,-0.438931118,0.369919098,-0.253886868,-0.457777965,0.201713422,0.162090547,-2.157300183,1.681871561,3.199158705,1.370327292,0.108386878,-0.332388432,0.043422467,0.042401733,-0.524566588,-0.088611229,0.118162897,0.027148564,-0.718311348,-3.365938008,-2.004148198,-2.017379862,-0.53748728,-0.058311785,-0.43950249,-0.564800193,0.058862957,0.272690614,0.245694585,5.392207099,3.682372453,-0.637562808,-4.533723508,0.877372141,-0.515109202,-0.191253625,0.440632389,-0.706770325,0.126591601,-0.271492775,0.646280225,-0.075792306,-7.638274448,2.510010097,-3.677529792,-1.040459816,0.058254967,0.052159532,0.208664578,0.882943246,0.201579448,0.019929384,-0.921212421,-1.484213923,-0.82245145,2.384105228,2.243548222,1.453867278,-0.653604947,-0.202547436,0.695391862,-0.197807901,-0.335335115,0.134827022,0.001762773,0.455526057,1.511921885,-1.009290449,-0.112183092,-0.973939186,-0.452796251,0.036099964,1.50197384,-0.211973542,0.208110534,-0.225105624,-0.706084608,-2.090476596,4.918091085,-3.975328834,2.628432622,1.239166933,-0.085530413,-0.21475752,-0.094777524,-0.596516635,1.397536073,0.647635021,0.519196649,-0.150816609,0.37828807,2.828111123,1.803219305,-0.781132352,-0.046853993,-0.21736183,-0.340018724,0.758688976,-0.443762711,-0.190771172,-0.2668781,4.144610877,-0.558078576,1.140263005,0.912333167,-0.805682741,-0.355327415,0.012623022,-0.489175596,-0.429258233,0.804161136,-0.130786197,-0.740340457,2.682409591,-3.867181009,-1.179524427,0.950369033,-1.303617584,-0.328101615,-0.413943179,-1.01912504,-0.316479753,-0.311314727,-0.317064239,-0.038295026,-3.026296112,3.763787285,-2.606725915,-1.437582808,-0.914659987,0.427136853,-0.164870633,21.25,81.25
1.124749613,-0.284259763,0.225123229,0.179215124,-0.082368285,-2.010850316,-1.62838988,-0.62698431,0.48192447,-0.210722119,0.541388748,-0.228781523,-0.336167751,0.537939496,-0.246565043,-0.31757877,-0.201974439,-0.538283205,1.588069316,0.766528992,5.717497411,1.61768933,-0.064548831,-0.492149902,-0.197747403,-0.689834932,-0.717788931,-0.063976164,0.129958308,0.730316638,0.467721619,-4.802188674,0.721470024,-1.407494358,-0.205146265,-0.038628718,-0.520249341,-0.534603548,-0.014246483,0.320409906,0.488038986,4.761532168,5.198663263,0.315433671,-7.103632079,1.003852466,0.029200526,-0.224099249,-0.180902569,-0.405618389,0.301010042,-0.315901562,0.352382963,-1.260709046,-6.037096017,4.600305695,-1.024661941,-0.728941499,0.023624379,0.080816419,0.27551296,0.869091201,-0.16590848,-0.056151738,-0.477133024,0.015815421,-1.056759947,0.133346686,10.05652684,0.046873447,-0.346184223,-0.368543315,0.462346321,-0.403275416,-0.247705411,0.057238699,-0.104025726,2.191428801,-1.314890627,0.567413694,-2.13169652,-0.54912016,-0.552609049,0.124230252,0.784106481,-0.198191019,0.474832398,-0.104790814,-0.437476077,-2.528349589,6.138247775,-1.997144412,0.858345117,-0.273115888,-0.131703772,-0.103256731,-0.326050217,-0.674730291,1.438147648,0.261297645,0.452526029,-2.064078393,2.149343037,-1.068260524,-3.814307799,-0.700593682,-0.162046176,-0.309841451,-0.654013884,1.934965546,0.210614257,-0.110499332,-0.074248433,-1.416102883,-1.328494326,-0.896627082,-3.666087279,-0.779261555,-0.433110466,0.066252162,-0.765437412,-0.476145232,0.299215451,0.017191964,-0.15955557,4.270470145,-0.819993206,-2.802773341,-3.66894115,-0.902737902,0.035374088,-0.436689668,-0.460053727,-0.611076211,-0.382435292,-0.05982597,-0.003626358,-1.452520315,-0.818998833,-2.89197963,0.401226856,1.094763688,0.959339907,-0.262068088,23.75,81.25
-0.092008841,-0.417822729,0.127103255,0.238473516,0.088967017,-1.289742563,2.360684646,4.570181291,-3.365826979,-0.217270547,0.060157076,-0.125496873,-0.291374006,0.093735036,-0.374091941,-0.256474115,0.041639742,0.954866593,1.134245564,1.089049139,4.27226156,1.327117797,0.001005372,-0.366814002,-0.100048493,-0.660396318,-0.354072931,-0.047065709,0.785484356,2.876896412,0.229285618,0.695503063,2.019209829,-1.41243211,-0.096065883,-0.100780636,-0.361784034,-0.586932579,-0.166750709,0.006244349,0.643007964,4.699546626,1.516396188,-0.846185385,-5.183458853,1.390614886,0.073177581,-0.200905722,0.154228958,0.177771042,0.101363552,-0.077603428,0.210792948,-1.807468773,-3.955826363,0.072913975,2.397811092,-1.157525762,0.058010253,0.178408366,0.482050301,0.623015126,-0.186448189,0.074394372,-0.338204722,0.004153391,-1.305888573,1.231454514,6.622206632,-0.494439751,-0.241905002,-0.171554759,0.629546625,-0.428377717,-0.234240941,0.187758334,-0.019106844,1.143074034,-3.702665281,-2.430218572,-1.148722094,-0.149725074,-0.372460115,-0.11978791,0.254437313,-0.173823291,0.2711126,-0.183596813,-0.345554475,-2.183094257,2.725388452,-2.472815154,0.288167088,0.120493195,-0.001402258,-0.058533777,-0.447795586,-0.496540921,0.407401099,0.567766459,0.461227992,0.594483731,2.824315562,-2.64884569,-4.185747113,-1.252778952,-0.017280507,-0.241178356,-0.503881528,1.913275574,0.532786955,-0.186919911,0.184205142,-1.957243216,1.634879911,0.544756348,-3.758282573,-0.405677103,-0.144230693,-0.095971571,-0.279369503,-0.129234385,-0.389331585,0.106792406,0.629253441,4.295155198,4.741503218,0.570709632,-1.53584462,-1.094440894,0.011174039,-0.387500249,-0.338126731,-0.466802626,-0.017236073,-0.142573452,0.213970141,-2.844269886,-2.436545466,-1.027302381,0.352026876,2.214338563,0.35947397,-0.204310942,26.25,81.25
-0.785072158,-0.588025683,0.707886048,0.834813279,-0.503496814,-0.697603699,3.93253123,4.573237954,0.133353454,1.815260089,0.17280846,-0.360638084,-0.54294832,-1.041722786,-0.76649674,-0.893830681,0.584158128,1.8490773,-1.205538511,0.868272287,1.171079875,2.054935415,-0.104733346,-0.493005152,0.001686498,-0.27290147,0.019091833,0.541584053,1.636214672,5.224501821,-1.821833221,0.747238086,1.284572578,-1.584044372,-0.04109817,-0.367245883,-0.504418012,-0.761358969,-0.596661177,-0.37904496,1.716977376,5.633919726,-1.536521106,-2.11729313,-5.360907294,0.507213846,0.11172666,-0.2594338,1.411411593,-0.056929746,0.198744365,0.450973835,1.003970414,-1.99131151,-3.425530141,1.415928754,-0.185792937,-1.426617487,0.180424862,0.072556852,0.770949962,1.080083748,0.156679189,-0.182661299,-1.009563991,1.752523868,-0.523066352,-0.732083275,3.594188465,-0.641278115,-0.441226041,-0.353307507,0.57141321,-0.9246221,-0.860760162,0.455400553,0.262316671,-1.402915488,0.215713823,-2.075319517,-0.536902789,0.720725114,-0.326906889,-0.408792344,1.043193144,0.573927387,-0.204781484,-0.473330796,-1.612455999,-2.958975255,2.969175643,-2.924227254,0.760368672,-0.000871825,-0.183205831,-0.159342028,-0.785452319,-0.294759142,0.113102954,0.25084137,0.99406075,1.564400449,0.887324143,-1.614918641,-1.732993551,-1.82582467,-0.037036026,-0.265865522,-1.071187653,1.443460066,1.577412643,-0.091665856,0.311530304,-0.44885693,4.552185547,2.050629309,-0.142192526,0.324254493,-0.280470334,-0.3166479,-0.261474901,-0.169003039,-1.455289628,-0.423371137,-0.951239728,0.29879531,-1.388193432,-3.706234137,-0.909057513,-0.265960088,0.061368596,-0.59332008,-0.312239437,-0.982055328,-0.45960343,-0.203942622,-0.868503153,-5.407315609,-4.542130982,-2.529637527,-0.064323131,2.567399939,-0.057086665,-0.513125003,28.75,81.25
-0.283508557,-0.084204243,0.042620541,0.451884361,-0.030450367,0.093540251,-1.269050576,0.442939623,0.445456637,1.253176562,-0.018422589,-0.26088562,-0.251327161,-0.32870088,-0.710834801,-0.504334671,-0.024754334,0.366052433,1.006296095,-0.139365608,-0.008789302,0.120865815,-0.121111844,-0.317699012,-0.005987244,0.014891954,-0.013192575,0.130128452,0.23797765,1.305992529,0.684044764,-0.1276039,-0.718128011,-0.637569133,0.051478036,-0.18317566,-0.388120528,-0.630835369,-0.285432724,-0.205882571,0.627077048,0.301792639,-0.403583732,-0.903556112,-1.60284644,0.262005261,-0.018327094,-0.140654716,0.150743387,0.225324019,-0.20425456,-0.140161789,0.103442282,-0.003044447,-2.086221005,0.756405367,-0.157568353,-0.571475178,0.117795779,0.031607736,0.093058331,0.362860107,-0.036690054,-0.000764957,-0.322839935,0.157459508,0.383345634,-0.256573613,0.119249393,-0.397215298,-0.202384621,-0.198215233,0.307826496,-0.949307146,-0.813350386,0.500094522,0.326351539,0.258373502,-0.384084222,0.04423404,-1.24152475,0.293247201,-0.136305421,-0.128517465,0.856403062,0.714865812,0.089363304,-0.202580238,-0.347868455,-0.961476503,1.938292973,-1.974207708,1.754022155,0.22983569,-0.162621954,-0.096763757,0.205068516,0.221041044,-0.187005495,0.183948763,0.230880755,-0.097123038,1.68920523,-0.047110788,-0.579742604,-0.582933032,0.170660789,-0.061301884,-0.616617115,0.458499899,0.757321395,-0.212939955,0.148495355,-0.757586,1.509499614,1.683827043,0.029768131,-0.06220397,-0.097588364,-0.114708141,-0.12128185,-0.372867111,-0.90594227,-0.017975176,-0.163679823,0.974657644,-0.447168816,-0.900812422,0.277998151,-0.178643056,-0.00419032,-0.332690348,-0.458398051,-0.506033718,-0.307938932,-0.105932909,-0.264819709,-1.246157813,-2.529080115,-1.841759734,-0.013227094,1.058329269,0.066988242,-0.312292559,31.25,81.25
-0.217535482,-0.155778012,-0.045558063,0.071748837,-0.256176653,-0.075579888,-0.937552464,0.225801966,0.788503701,1.076591716,-0.066682173,-0.194920986,-0.118050489,-0.448315066,-0.438616961,-0.245958391,-0.046188653,0.427994796,0.321878,-0.066456234,-0.478962233,0.357408225,-0.066394527,-0.173352304,0.059980674,0.190675317,-0.007414272,-0.083680705,-0.115827101,0.160398876,1.062739793,-0.639582493,-0.213307558,-0.234271661,0.003441336,-0.181921023,-0.118350209,-0.180147002,0.028405723,0.092115197,0.128206699,0.190175801,-0.078768029,-0.022287405,-0.40462746,0.117731673,0.034241248,0.009668799,0.123149334,-0.033993219,0.012329507,0.083551906,0.121235717,-0.074913342,-0.9964947,1.464740779,0.175582314,-0.156195265,-0.013882587,0.058030277,0.185972732,0.509621669,0.096793741,0.150287294,0.397102983,0.233873179,0.219385066,-0.480265152,0.16319459,-0.106883277,-0.038913216,-0.076316708,0.368358487,-0.320049891,-0.311922623,0.131627651,-0.221588418,-0.427679243,-0.49453655,-0.687945863,-0.678398285,0.246496068,0.009179468,0.012872567,0.336097274,0.538196913,0.094657346,0.2583209,0.0493331,-0.430525472,2.064657403,-0.674347119,-0.193887306,0.082770055,-0.021352012,-0.149891462,0.138475663,0.013022794,0.01256088,0.040326211,0.076557965,0.02926794,0.295464597,0.923624344,-0.511591582,-0.052235747,0.049797695,0.033848866,-0.277211659,0.388927629,0.322428341,-0.151521959,0.177208071,-0.288770402,-0.334676795,1.307054998,-0.062003682,0.037400654,-0.071082139,-0.086734136,0.073634138,-0.05760691,-0.287064116,0.040548673,0.158858559,0.778670614,0.130949954,0.162314144,-0.351353,0.039434825,0.066245429,-0.18512174,-0.09274204,-0.0475062,-0.028319845,-0.108741553,-0.114563006,-0.786367146,-0.995357525,-1.150446494,0.121952104,0.12432055,0.025194219,-0.130908003,33.75,81.25
0.765372323,0.761043497,0.436753874,0.092587108,-0.197561274,-1.891573643,-3.77954058,-7.151056987,4.381335387,0.151096558,0.606573181,-0.181084028,-0.045716313,-0.106280693,-0.47735603,-0.77448634,1.831688552,-0.491164954,-2.092303635,1.230368678,0.964205725,2.032054044,0.035483497,-0.384656343,-0.122048837,0.466064086,-0.3699728,-0.220865742,-0.130582509,0.346239915,-2.963572477,-5.509769199,-1.782321739,-2.444589541,-1.029791273,-0.071977124,-0.493426894,-0.676989554,-0.012764479,-0.244185364,0.81302785,3.523995356,5.86231467,-1.861412984,-4.438657885,0.040406824,-0.862152864,-0.192082748,0.583392729,-0.90121886,0.214698951,-0.23332173,1.397578296,-0.128161407,-5.933273228,0.41873574,-1.277651741,-1.806930332,0.019439856,0.063165894,0.040765268,0.510209224,0.500169203,-0.228504921,-1.877848925,-0.347656446,-0.711862493,0.525701325,0.263188254,4.067188104,-0.7456931,0.139414746,0.42866508,-0.216945286,0.181445528,0.769429388,-0.091685655,0.123483396,1.615868755,1.942052386,-0.377730325,-0.220207949,-0.519423088,-0.050273721,0.549461704,-0.294061748,0.014901532,-0.311896681,-1.136025957,-2.506397526,2.524846832,-4.509210135,0.380937728,1.626659768,-0.653594732,0.057735964,-0.528802646,-0.687988634,0.546309512,0.212099147,1.246171654,-1.977997532,0.815306178,2.425304694,0.125661693,-1.009442254,0.054856966,-0.196847047,-0.519526935,0.975669162,-0.556094435,-0.023510199,0.096423541,1.46439384,1.711400077,2.389203195,2.798088708,-1.218940558,-0.244712564,0.013973819,0.236973293,-0.408053819,-0.012348046,-0.169128356,-0.83198075,7.308366243,-0.538471381,-1.826508066,2.482370737,-0.970172763,-0.242664259,-0.435554698,-0.79742738,-0.210308848,-0.399935859,-0.733388,0.446609705,-4.023417333,3.184156298,-2.999390522,-1.109669276,-0.059696512,0.203303644,-0.208730808,21.25,83.75
1.648240213,0.289155507,0.820707852,0.94412165,0.140417609,-1.953371557,-1.102678552,-0.837803467,2.846149789,0.952720879,0.489026192,-0.183710771,-0.345604941,-0.287636421,-0.508773488,-0.422405299,0.658993802,-0.437580182,3.94282437,1.187733711,0.961722939,1.302319231,-0.208843463,-0.420929468,-0.308981937,-0.199032646,-0.566893168,-0.02144739,0.038458126,0.743199415,0.233535963,-4.069738306,1.329723317,-1.713846731,-0.317269894,-0.105716238,-0.339683899,-0.603728139,-0.016001931,-0.038880258,-0.026701625,5.088764254,1.275791934,0.000835428,-5.200110439,1.452025175,-0.356304348,-0.136314274,-0.045539343,-0.65209696,0.083280949,-0.442314263,0.005109404,-1.393436476,-2.354746309,0.836518002,-0.829997628,-0.645580537,0.075794814,0.164590671,-0.166764944,0.401582363,0.445493657,0.039977504,-0.912849715,-0.940444313,-2.237014916,-0.620951593,2.289866785,1.941161487,-0.757925987,-0.148503015,0.100188453,-0.620758423,-0.275419177,0.494981646,-0.183450259,-0.881511968,-0.890215789,2.298105885,-1.752287297,-0.181183247,-0.343061371,0.031041444,0.601589211,0.288645532,-0.052993812,-0.2578447,-1.076726402,-3.920016216,0.655581755,-1.551617302,-1.96657274,-0.745784378,-0.413302438,-0.088599928,-0.614306714,-0.601425156,0.713801579,0.210507684,1.826539198,0.087280887,1.145464888,-1.714209567,-1.572624269,-0.98251475,-0.17189978,-0.359512675,-0.571626167,1.977363932,0.240866915,0.007528418,-0.009324901,-1.983066463,2.037724223,0.114935541,0.991683304,-1.182184926,-0.398267694,-0.000235529,0.018811698,-0.486782277,0.022342922,0.224099634,-0.188837928,7.992057126,0.920470107,-0.806922307,-2.03804438,-0.661798273,-0.124260611,-0.492072648,-0.396167831,-0.631082905,-0.307259598,-0.316678879,0.272396828,-3.153299887,-0.736876444,-2.179439614,-1.098194836,0.068559863,-0.022952537,-0.236315896,23.75,83.75
0.033712802,-0.287230711,0.079563386,0.299986794,-0.263794103,-2.144999273,4.490529253,4.228577035,-2.705490922,1.375920988,0.236289473,-0.075600215,-0.417624922,-0.41669269,-0.376486814,-0.335482252,1.077452965,3.336984414,0.978415265,-0.028469792,-1.12501644,1.396837718,-0.102656814,-0.339306407,-0.273952044,-0.538557199,-0.207624551,0.103526401,0.858346367,3.764598751,-0.734886938,-1.742210451,0.045354677,-1.582051124,-0.045602595,-0.04835954,-0.370624589,-0.652049084,-0.144769982,-0.347068005,1.497928991,3.781110872,-1.982721681,0.617464789,-0.518028935,1.876677536,0.009485428,-0.126979201,0.295020043,0.002191524,-0.088840382,-0.128313577,1.547081955,-1.454894458,-2.227641477,-2.844732904,-0.946845359,-1.095700728,0.274899691,0.158657684,0.27434169,0.6592364,0.227646714,0.00615803,-0.43999622,1.027939641,-0.699674617,-1.455876213,0.544183178,0.178403066,-0.380008208,-0.274617143,0.49758145,-0.462230505,-0.230445409,0.538140839,-0.038210941,1.235369872,-1.35944236,-1.323642678,-2.02109469,-0.551502529,-0.357069152,-0.071459871,0.521358661,-0.011625451,0.045069628,-0.296837493,-0.875909381,-3.848569732,0.446278088,0.533946499,-2.049710737,1.99268273,-0.166076097,-0.058573472,-0.450819688,-0.407605048,-0.096220827,0.30155223,1.076021096,2.294655245,-1.544341505,-3.533349493,-1.311115499,-1.465647251,-0.060551362,-0.187754683,-0.446337494,1.874637413,0.678817675,0.146416561,0.061120039,-2.27865755,5.059280968,-0.90194507,0.984642829,-0.245194931,-0.069326625,-0.129931286,0.129536282,-0.123635701,-0.501699848,0.086968503,0.916649334,6.07484898,2.336002604,0.7531663,-0.703476084,-0.345601099,0.057826669,-0.338334982,-0.235436094,-0.410177596,-0.021275369,-0.255900558,0.160931159,-3.765363533,-2.568304387,-1.104429039,-2.478473096,0.666833597,-0.114054192,-0.269311396,26.25,83.75
-0.486825109,-0.178338219,0.339116305,0.018564579,-0.205319746,0.728937826,1.246612323,3.899530392,-0.981879569,0.43994364,-0.055752424,-0.173923441,-0.333989413,-0.601743469,-0.866697502,-1.044408604,1.87612699,2.088929731,1.03338994,2.302929231,0.462469502,0.925059688,-0.271940444,-0.548166549,-0.180862075,-0.373287943,-0.327764663,-0.086701575,1.168052707,1.939574965,0.065347583,0.365878039,0.844018841,-1.327648149,-0.084706573,-0.197062517,-0.412063795,-0.361549908,-0.061589349,-0.280842565,1.092304426,3.926080161,-1.161225231,1.824389026,-1.509397036,0.332247411,-0.002271297,-0.279837017,0.7078162,-0.351972717,0.261958973,0.458263014,0.639211538,-0.939047266,-0.048914145,-0.836418655,-1.307564389,-1.42875084,0.363253505,0.113938761,0.295576238,0.490632621,0.240334423,-0.145213915,-0.621688738,2.192041561,0.927103637,-0.040626841,0.149518141,-0.483193485,-0.490015484,-0.144095916,0.200356269,-0.747972913,-1.085550228,1.072816371,0.390311106,-1.127620093,1.381524172,-1.529518669,0.527936079,0.181875682,-0.260798934,-0.322149251,0.677825641,-0.119055845,0.209903557,-0.198423088,-0.716728827,-2.214888423,1.130806243,-0.525970267,-0.865379283,2.155264582,-0.246459654,-0.066342253,-0.639919266,-0.037384346,-0.306923446,0.563921132,1.196091731,1.117569303,-0.87265191,-1.278062457,0.033854213,-1.610444879,-0.081086053,-0.154528319,-0.690401669,1.112498568,0.170006911,0.164731285,-0.573976287,-0.765214586,1.53870662,-0.945372053,1.341416296,0.428998226,-0.137028693,-0.356960339,-0.360828825,-0.11553423,-1.113236118,-0.680083694,-0.895167182,-0.550330335,-4.014865509,-2.735306214,-0.506200788,0.22899127,0.036011965,-0.54730931,-0.102565071,-0.350923954,-0.391268212,-0.801295541,-0.928853155,-4.017855397,-2.901042306,-2.197015177,-3.04078859,1.228039769,-0.178982959,-0.443131829,28.75,83.75
-0.185725234,-0.217555435,0.084122702,0.051755303,-0.227526304,-0.248895328,0.173301415,1.524555413,-0.600364682,0.43529654,0.047490839,-0.049589759,-0.182866834,-0.218190534,-0.351513458,-0.374148134,0.163150933,0.620426344,0.391295555,0.671510795,-0.292269317,-0.011315981,-0.113906374,-0.18717209,0.040455626,0.021076381,0.061065582,-0.001104356,0.266313915,1.306972834,1.449958058,0.461731151,-0.402015635,-0.569612463,0.012357611,-0.079647561,-0.192319406,-0.28853015,-0.039795059,-0.016842911,0.764676827,0.862709528,0.048547756,-0.24283579,-0.936445278,0.444696752,-0.015067306,-0.059121609,0.241188465,-0.030213164,-0.078369746,0.165000534,0.482523541,0.158421029,-1.087447918,1.619092331,0.18674208,-0.483925001,0.188818403,0.060712543,0.155344567,0.331151571,0.100467206,0.024025502,-0.175973225,-0.01358279,0.704364287,0.791739637,0.070758051,-0.089583054,-0.133642889,-0.130301662,0.280403897,-0.330507065,-0.308225663,0.33357366,0.601199461,0.720913029,0.118204699,0.398953069,-0.473518587,-0.158339984,-0.078082737,-0.11068,0.564947482,0.143992421,0.105780142,0.036980374,-0.05327862,-0.832975528,2.685219961,-0.065724037,0.464974756,0.903764123,-0.130630476,-0.051806333,0.01297353,0.051063464,0.001290255,0.167078739,0.118553304,0.422942892,0.623255479,0.280936088,-0.687735708,-0.610661599,0.129051134,-0.079448429,-0.253923471,0.486098022,0.295609603,-0.102137467,-0.157206245,-0.833199312,2.357166172,1.385733656,-0.216032134,-0.197430176,0.015643503,-0.081640254,-0.159092797,-0.09581216,-0.158028692,0.024646996,0.064758312,1.673748946,1.315002824,0.43042663,1.0832583,0.097933271,-0.021151517,-0.254662345,-0.15282407,-0.30581197,-0.017337547,-0.150795955,-0.114034069,-1.302019701,-1.493589757,-0.438786554,-0.064699565,0.708020956,0.039636154,-0.176513718,31.25,83.75
-0.17253671,-0.16124867,-0.005898999,0.070905571,-0.172220404,-0.50159581,-0.51720356,1.112912244,0.057052827,0.952576902,-0.082681781,-0.044710156,-0.114791518,-0.300627009,-0.334047569,-0.287133313,0.195084924,0.339401336,-0.321374218,-0.116147974,-0.520446143,0.364055759,-0.047532921,-0.117800569,-0.01265106,0.173849293,0.043899013,-0.095672832,0.194061795,0.734356609,0.540618548,-0.500594462,-0.242569597,-0.26849956,0.036271887,-0.109507457,-0.069276594,-0.063913441,0.033923066,0.117204782,0.308853766,0.768954788,-0.573874585,-0.123826282,-0.344920344,0.132550111,-0.001742391,-0.020606768,0.229316228,-0.031777409,0.022277236,0.143129642,0.225067963,-0.089435741,-0.612354192,0.562224636,0.129841783,-0.14266602,0.064394638,0.026072759,0.167765168,0.28289867,0.13505531,0.138042945,0.213573802,0.545989786,0.972273438,-0.272872935,0.046494397,-0.16052508,-0.018768226,-0.060353568,0.19200882,-0.219789632,-0.235513167,0.094142482,-0.226623962,-0.5191402,-0.064091968,-0.046869406,-0.36222141,0.257630065,0.023011728,-0.071300019,0.314635264,0.24906358,0.164824346,0.21856683,-0.058137845,-0.67071272,2.034231542,-0.272879762,-0.246831143,0.220971648,-0.035190749,-0.05303803,-0.042319663,-0.067906359,0.10566031,0.118083863,0.260690727,0.143097474,0.091264419,0.355331371,-0.314608772,-0.226446033,0.067413856,0.021805999,-0.168409315,0.493911591,0.2846261,-0.10482943,0.113937164,-0.302838692,0.303116842,0.758167704,-0.021400953,0.015002153,-0.018606231,-0.087055897,-0.059206064,-0.054213893,-0.039565181,0.024891057,0.162424668,0.514835605,0.150661221,0.582129391,-0.437229114,0.141421007,0.034364296,-0.145407956,-0.069374576,-0.111677241,0.080318704,-0.151034041,-0.070872643,-1.168600191,-1.012581626,-0.802094092,-0.010198763,0.235400652,0.012153464,-0.081080313,33.75,83.75
0.849698703,1.298314313,0.963563774,0.304807336,-0.255385706,-3.990961926,-1.253586024,-4.721277694,1.899067638,1.538832889,1.487763869,-0.226245269,-0.011036052,-0.418508137,-0.520082331,-1.520550596,4.121222346,-0.031525103,-1.1253086,2.238702191,1.458248795,6.365926314,-0.100440185,-0.29589,-0.23946976,0.556918899,-0.48533268,-0.15219526,-0.30530967,1.646409213,0.326625302,-4.905345928,-1.918758072,-3.896123259,-1.557242842,-0.106411588,-0.411071663,-0.667157751,-0.111520021,-0.421227737,2.190944683,4.231503851,3.484993531,-2.161277438,-1.849883815,0.752647807,-1.036306657,-0.083071144,0.572843551,-1.050672094,0.611381933,0.218957052,0.547875726,0.208331207,-4.174092569,-0.905523126,1.559633298,-2.467154486,0.672919194,0.006691779,-0.247578216,-0.276293569,0.86577697,-0.691531832,-2.614024474,0.830557165,-0.050044294,-0.905878627,-1.557224224,11.38598896,-1.264474764,0.247550669,0.073012368,-0.474503318,-0.214176424,2.449686622,-1.697868669,-1.714406975,0.180744639,1.241389807,-1.567126827,0.27145883,-0.91892609,-0.106614946,0.017991596,-0.402230322,0.230863493,0.239353722,-0.695181238,-4.504247008,1.82498317,-1.316624595,4.443552535,4.364777013,-1.643836858,0.11099485,-0.592475696,-0.998180429,-0.428727083,-0.544137876,0.931702615,-1.4455092,3.478907049,1.365544633,2.924425088,-2.429307123,0.701797307,-0.270231175,-0.508122198,1.373591473,-0.800203969,0.1678713,-0.229018015,0.074975003,3.71620733,5.043550668,6.392536561,-1.219961026,-0.507600186,0.020716926,0.69027442,-0.588384018,-0.862964209,-0.362935535,-1.054158657,8.663565102,1.553433111,-0.289769719,2.187865512,-1.236170674,-0.474351676,-0.382834623,-0.312678951,-0.686699801,-0.781723981,-1.137120134,2.143264183,-4.628874663,4.130960375,-1.308552007,1.312405492,-0.645715808,0.033782099,-0.107594619,21.25,86.25
1.236110057,0.780413665,1.413148789,0.344008315,-0.450107272,-2.558564808,0.866334294,0.31322388,3.389199696,2.610039029,0.045370094,-0.170134249,-0.161075913,-0.645324116,-0.916550149,-0.78310218,2.533104187,1.90050462,1.761247678,3.263333828,3.178039028,2.942633122,-0.410090726,-0.406768345,-0.172161412,-0.063470385,-0.507751328,0.003352627,1.475331722,3.296670547,0.132380727,-2.280231552,3.998738882,-3.384618952,-0.330248559,-0.175618368,-0.324160786,-0.295521445,-0.168724662,-0.254493842,2.237300527,3.528917263,-1.623254982,-1.480712766,-1.953808795,2.243438834,-0.437350845,-0.097572377,0.294199864,-0.671755483,0.067530147,0.080243388,0.684706053,-1.085307556,-2.062214036,-0.320516294,-0.43552302,-1.237550687,0.537401908,0.166083772,-0.210036197,0.259834821,1.086682039,-0.06007172,-0.240595645,-1.017115332,-2.029060433,-1.702930549,-1.270231897,3.829691691,-0.841142113,0.126460968,0.015014996,-0.743281717,-0.092854566,1.815200511,0.280721267,0.92034961,-0.287236074,0.306328674,-2.495010586,-0.586733707,-0.28349025,-0.050766168,0.250641874,0.480326885,0.102858156,-0.312987442,-0.838485815,-4.457631026,1.427736511,-0.542202064,-3.790671369,0.114425534,-0.743295685,0.094447683,-0.456398754,-0.667946247,-0.256000146,0.046104255,2.778808706,1.33880376,3.02477107,-2.011477529,2.17629496,-1.522249112,-0.155922575,-0.386263869,-0.528579761,1.183032732,-0.085676713,0.667928316,-0.194670051,-1.084826301,6.73129236,-0.366652114,5.592101057,-1.255551764,-0.272164067,-0.028702743,0.283046089,-0.446534313,-0.433568788,-0.236547149,0.43859278,7.086361599,2.051575157,1.165923594,-1.618132033,-0.379541771,-0.084958823,-0.466682672,-0.059958598,-0.68581491,-0.194487376,-1.04835204,1.441617504,-4.912849867,-0.630041331,0.052805062,-0.133553708,-0.206685327,-0.328498611,-0.185491359,23.75,86.25
-0.083601686,0.040304286,0.549921655,0.427927821,-0.86641559,-3.03356753,6.755337265,4.972981652,-1.333703216,0.076267098,0.157169389,-0.144748952,-0.50858976,-0.465972889,-0.458663346,-0.701276401,2.260948075,3.159712279,1.502024039,-0.044805202,0.335732778,4.142561418,-0.00155218,-0.244097997,-0.132854933,-0.195566702,-0.415439206,0.049269723,1.909722195,3.77268029,-4.169079346,0.940019726,1.191789013,-2.821786912,-0.00625593,-0.057839138,-0.154390582,-0.350835708,-0.323420482,-0.304082952,2.437166829,1.532067534,-4.294062991,-0.231811611,2.32254184,5.6756186,0.033704572,-0.134315667,0.333905391,-0.225927953,0.03352685,0.268055335,1.010520272,-1.342907238,4.423071473,-1.794417504,-2.685847934,-1.012603162,0.078604743,0.014326242,0.162275625,0.650695792,0.300755766,0.906848813,-0.044825062,3.721532176,-0.401765914,-4.123378733,-2.78483209,0.682565519,-0.50425257,-0.023195549,0.367914834,-0.356865654,-0.092411452,1.190973933,0.26144978,1.25389572,5.450045659,-4.469389097,-0.684224156,-0.438650203,-0.280308685,-0.093607785,0.455483756,-0.094257481,0.248463119,-0.353915312,-1.749266242,-2.96710449,-2.454918005,2.417054757,-3.352094265,0.137042055,-0.240730848,0.028968779,-0.399960869,-0.433402088,-0.266639829,0.398709606,0.316115332,0.875595052,-5.316686079,-3.89179783,2.038982734,-0.863395674,-0.025123215,-0.107477433,-0.283825867,1.246809948,0.231273102,0.589483974,-0.52823762,-0.299568852,5.537877032,-1.077778674,2.969657641,-0.866418385,-0.003738797,-0.147255324,0.295918051,-0.215745167,-0.202680721,-0.326539991,-0.087352452,2.295319324,-2.436487294,0.254595247,-0.259597321,-1.541112928,0.066484946,-0.293117394,0.070096705,-0.554120415,-0.038569003,-0.614473579,0.091709279,-4.292169186,-3.22829598,1.895249567,-2.282456802,0.060162635,-0.338147976,-0.2989481,26.25,86.25
-0.412659416,0.093116304,0.491363353,-0.193956913,-0.387272455,0.103988768,1.228748607,2.372224065,-0.728155896,0.068259245,-0.07169107,-0.187143079,-0.404557228,-0.54033578,-0.70811367,-0.894234729,1.398313756,0.945781047,2.543242224,0.63033082,0.860760456,2.028328518,-0.097765943,-0.393832638,-0.227980876,-0.280447817,-0.306708533,-0.356853021,0.736030504,0.502154797,0.249056098,0.562945405,0.479313556,-0.995944246,0.020669141,-0.191669121,-0.313366508,-0.213331924,-0.425091475,-0.318764281,0.99375661,1.851933984,-1.512780248,0.947387534,-1.473475662,0.85376346,-0.074602468,-0.227507379,0.332550921,-0.524152516,0.162511434,0.396624764,0.215652975,-0.281146004,-0.242795391,0.800199757,-1.416054877,-0.787272961,0.1816833,-0.161174545,0.175515978,0.640155616,0.214370616,0.072140686,-1.09934336,0.585533195,0.275429908,-0.408894228,1.946797478,0.19007097,-0.449786501,0.022521787,0.026031341,-0.733614236,-1.173814605,0.799081014,0.633478533,-0.75008312,1.373005276,-0.947687314,0.560631549,0.763042617,-0.212138516,-0.22245515,0.362295891,-0.311423593,0.368400513,-0.276933603,-0.52344693,-2.069651735,0.14198767,-0.237356431,-1.068632377,0.818596678,-0.142623159,0.004599822,-0.528322209,-0.384911333,-0.450414528,0.750045699,0.016918086,0.120597063,-0.931106705,-2.027928231,-1.403069535,-1.108421901,-0.07780375,0.014021975,-0.513080124,1.523577345,-0.139724365,-0.123585768,-0.426204663,-0.134442338,1.293805855,0.02552287,0.079513735,0.240154001,-0.057321457,-0.336643775,-0.192115703,-0.274557647,-0.586154736,-0.593336072,-0.657214187,0.374718422,-0.683919238,-1.119665299,-0.751169866,-0.109352822,0.14833094,-0.404950338,-0.097421457,-0.592622589,-0.435386792,-0.596812182,-0.21479774,-1.984674897,-1.269562972,-0.321456494,-1.283117893,0.480391751,-0.224856391,-0.282795838,28.75,86.25
-0.069194414,-0.023893291,0.249441911,0.108728435,-0.253091028,0.242030392,1.442743247,1.55574512,-0.655871672,0.387851734,-0.047677468,-0.018973644,-0.115948764,-0.201443304,-0.259448863,-0.333717151,0.3325942,0.749615406,0.391400606,0.640568779,0.584210137,0.379606681,-0.051769984,-0.14652795,0.014537025,-0.033100686,-0.033809066,0.036705244,0.388338006,0.754718609,0.829926371,0.540797218,0.050182248,-0.452600963,0.009939485,-0.046754843,-0.148976279,-0.148141681,-0.040901908,0.018958702,0.42753558,1.590754799,0.327755549,-0.296006081,-0.715795125,0.362350923,-0.008522818,-0.054234262,0.271075271,-0.133702512,0.079331829,0.188402579,0.079228009,0.093197899,0.831752248,0.40332293,-0.40480693,-0.24818376,0.115027315,0.025682545,0.12242548,0.40209219,0.050627874,-0.09536035,-0.453687393,0.147993418,-0.150122529,0.977475164,0.13448895,0.023803228,-0.102518939,-0.052906883,0.128511307,-0.2165517,-0.222928298,0.079428138,0.225846952,0.267116843,0.563935598,0.065191088,-0.777083742,0.173069623,-0.057854205,-0.086181401,0.321540048,-0.075832645,0.168360686,0.098406539,-0.103155301,-0.679787801,0.99111595,0.418071907,-0.333961869,0.657796936,-0.086778864,-0.023570341,-0.165432372,-0.122178821,-0.14347829,-0.019742078,0.022744665,0.278790259,-0.785724187,-0.407591658,-0.918115369,-0.559710944,-0.014492634,-0.07237357,-0.170111911,0.403905249,-0.023417078,-0.151810557,-0.419527373,-0.285564872,1.367649402,1.26384718,0.200733787,-0.06492313,0.01635989,-0.063861892,-0.087193063,-0.105146724,0.027333815,-0.075182121,-0.23827678,0.958732872,1.333202066,0.57217555,0.286739175,0.086271382,-0.00457632,-0.110025073,-0.063797039,-0.22266039,0.003420654,-0.126886115,-0.122832692,-1.19466281,-0.405023744,0.696581166,-0.604689797,0.215193716,0.013149495,-0.082987963,31.25,86.25
-0.078860694,-0.087005468,0.113186311,0.060851725,-0.128386486,-0.559102042,0.240434881,0.87040719,-0.224343438,0.528013905,-0.075969451,0.012392723,-0.079576916,-0.22992275,-0.159932757,-0.23716383,0.268617709,0.143496276,-0.091994806,-0.058042043,-0.370936139,0.28284429,-0.018358529,-0.09947599,0.033222528,0.068635526,0.129548792,-0.044583384,0.37376262,0.33026028,0.095337021,-0.101941891,0.041074416,-0.204260007,0.042686124,-0.049806714,-0.051515816,-0.117402322,-0.041653657,0.022817523,0.386300377,0.83532669,-0.153374646,-0.148288001,-0.595165265,0.077789181,-0.009039115,0.009655271,0.17226457,-0.075789545,0.003398846,0.120131664,0.162999199,0.003166176,0.034768498,0.035761315,-0.07931699,-0.156338422,0.080781236,0.020973549,0.134403339,0.331902031,0.069723131,0.065896659,0.081049437,0.166896655,-0.174819245,0.465452194,0.119172402,-0.165287029,-0.026215613,-0.036685866,0.132431928,-0.069534628,-0.252227972,0.056990216,-0.242983325,-0.34975561,-0.121731934,0.633394619,-0.40123043,0.27783561,0.030456925,-0.032698075,0.19624747,0.15206873,0.135032808,0.162806919,-0.049526641,-0.585281555,0.641938631,-0.142891372,-0.081834809,0.323674611,-0.058025353,-0.003053864,-0.056731801,-0.063211451,0.034458697,0.087807435,0.152431712,-0.036140933,-0.255658924,0.008364569,-0.402526976,-0.255742164,0.081970117,-0.00159037,-0.110748328,0.280996649,0.128981714,-0.057329487,0.028438064,-0.27664297,0.512463798,0.468068577,-0.200136174,0.006019057,0.032554578,-0.050012691,-0.053474898,-0.013740297,-0.029555465,-0.014562727,0.124341288,0.142167853,0.438594184,0.149039677,-0.245308398,0.252267423,0.015143084,-0.082437337,-0.04269301,-0.112231387,0.025633793,-0.028707583,0.07840348,-1.035748577,-0.112242851,-0.386425292,-0.069252174,0.11680257,-0.009060769,-0.048879835,33.75,86.25
0.953357496,1.685121832,2.636471043,0.380384518,-0.895733333,-6.384730251,0.843306935,2.344153209,0.595266039,1.476449108,1.757191296,-0.302072789,-0.190930546,-0.850300921,-0.761773489,-1.836912764,3.366605606,-2.20459175,0.02943695,3.655828246,3.400117157,4.214669521,-0.919601519,-0.230169318,0.120188905,0.366198579,-0.613604488,1.296167465,2.223687369,2.435495006,0.393407924,-3.088277697,0.132673224,-2.148778043,-1.048304471,-0.135298945,-0.305231235,-0.426655689,-0.41821935,-0.747920718,1.865851472,5.652954803,-1.131198206,-3.977760679,1.221429327,0.246793181,0.270936138,-0.039194305,0.262490647,-0.757456978,0.773413199,0.967254084,1.201295171,1.900242512,-1.31027392,3.757007959,1.055900722,-1.883135033,1.758970637,-0.160071827,-0.347448745,-0.234569475,0.80215607,-0.873952852,-1.326584802,5.528249394,-2.880955645,-1.884088111,-2.464821726,8.216464821,-2.232613175,0.50199769,-0.149118779,-0.928199375,-0.372985292,2.065818835,-3.318724507,2.603337089,-2.293696649,1.536561085,0.458681762,2.312436567,-1.355435984,-0.306461546,-0.018896871,-0.73247646,1.152052739,0.767457465,-1.649688381,-2.807311512,3.320515229,2.221043948,1.376802253,7.366708106,-2.299065505,-0.014627999,-0.382911928,-0.749006647,-1.311714485,-1.082224397,1.972442261,-4.337549694,5.335139017,0.482261905,6.451936718,-2.86119963,-0.062032101,-0.450618937,-0.298849869,0.852130787,-1.079787118,0.432074528,-0.556581372,-1.589291465,5.482317638,-0.817153435,7.042180074,4.540974262,1.942740725,-0.037387152,0.67491553,-0.055893235,-1.3510938,-0.750608224,-2.046525382,7.127089199,2.693037258,0.169363985,-2.329675622,1.768497619,-0.36998877,-0.344960644,-0.057297987,-0.650235874,-0.755396375,-1.171386477,1.703966977,-6.891535467,5.306576052,1.432892867,0.521647382,-2.709991243,-0.458753507,-0.037959974,21.25,88.75
0.701507525,0.336774518,1.586282617,0.127315804,-0.107546142,-4.189571823,3.008019069,1.528307017,-0.589721681,0.857770588,0.772627235,-0.113561114,-0.06437626,-0.684637917,-1.112966717,-1.392205443,1.498801413,-1.486709583,-0.050361193,2.237307222,0.97959711,0.267531499,-0.368187306,-0.32223936,0.031906003,0.397385804,-0.385448634,1.041785883,2.14084862,0.169766865,-0.955198063,0.295071156,4.640422402,-1.590787937,-0.339341447,-0.169695558,-0.162718556,-0.420194017,-0.765092593,-0.709446119,2.746052947,3.826248173,-3.018848507,-3.257090303,-1.099179552,2.075415037,-0.565211169,0.007124471,0.13116884,-0.558796129,0.460499427,1.653502894,0.879504447,1.4753265,1.16873143,1.250616717,0.018904771,-1.746527257,1.328310562,-0.002086867,-0.258836661,0.088287028,1.631968823,-0.344776365,-0.842904674,3.044280742,-1.879561023,-2.118070998,-1.972216508,5.544033534,-1.065035205,0.501491131,-0.197340838,-0.742352223,-0.256651,1.569112767,-1.763171836,3.790253663,0.092875081,-1.343003866,4.493555396,0.140775632,-0.906072386,-0.261029317,0.107151125,-0.32189407,1.49710356,-0.232045444,-2.030158764,-4.447669276,1.808278993,1.619090162,-3.157810767,6.372207791,-1.077002132,-0.067330228,-0.265424821,-0.827239012,-1.206552227,-0.46708296,1.829599092,-1.872136988,1.082444779,-0.976222751,5.763967433,-2.301612018,-0.116409424,-0.52333774,-0.376055721,0.942902019,-0.326181857,0.488064741,-1.637444166,2.190818452,8.734886891,-1.80323008,3.977083925,2.098886495,0.790755119,-0.111030622,0.785647829,-0.372752777,-0.34421045,-0.283656114,0.05611548,2.032074378,0.737340539,1.461861216,-2.868907782,1.748507873,-0.264496452,-0.270674147,-0.007127919,-0.567131977,-0.267281198,-1.423999239,1.129238101,-5.390516029,-0.500152131,2.011474508,-1.498549992,-1.235346323,-0.471037936,-0.041009405,23.75,88.75
-0.085781048,-0.126409106,1.2130953,0.307604552,-1.191452677,5.616572371,5.159579228,9.910296166,-1.251610627,1.25066088,-0.366451166,-0.223290474,-0.57184175,-0.777102469,-1.191529844,0.631332415,3.444566783,-0.041091289,0.364596674,5.330348917,1.617537352,1.622238568,-0.175716129,-0.240845336,-0.03277595,-0.331809353,-0.567073587,0.702703508,3.682879244,2.439512312,-3.420602856,4.771241989,0.846919464,-4.354227249,0.005671777,-0.042392414,-0.001448031,-0.02602799,-0.591101627,-0.318816671,1.234879714,2.446537648,-6.172184085,-1.432651988,4.806905832,5.475038867,0.276049068,-0.062242478,0.109839681,-0.412671024,0.408373767,3.011891597,-2.241939269,2.63324247,5.471361899,-3.637784369,-2.969588731,-1.864376583,0.06446311,0.070027867,-0.07347103,0.752302987,1.610173814,0.061346599,-2.408566932,2.376204254,-0.397251112,-4.1341942,-2.948721841,3.705804403,-0.577550861,0.255683802,0.199594458,-0.289235609,-0.039906129,0.956606331,1.370107046,2.033709854,5.60710012,-6.16858345,-1.773743871,2.254187133,-0.256285588,-0.172828645,0.245499125,-0.148220811,1.019554726,-0.251047425,-1.599760344,-4.503485592,-1.455415543,3.684307434,-5.277825011,5.08245102,-0.455980248,0.043365854,-0.349345645,-0.62131403,-1.07897311,-0.637278889,1.307924562,-2.225158978,-7.427508655,-7.331968202,-3.295633915,-0.918536155,0.135140074,0.006599746,-0.375762506,1.30769521,-0.606467171,0.792382714,-2.883466164,0.238933857,1.021314807,-3.545281095,2.590085178,-0.771229353,0.003897115,-0.10872907,0.22364831,-0.681859186,0.408786499,-1.75746108,-1.496251183,-3.546201253,-4.950969813,4.215593598,-1.471768611,-0.70116652,-0.019916989,-0.229763009,0.136641575,-0.738600175,-0.166428844,-0.351247255,-1.373655769,-5.962404063,-5.574303267,3.976971771,-5.857096959,0.598827996,-0.353401621,-0.242858418,26.25,88.75
-0.083718441,-0.063336362,0.435893692,0.042449929,-0.219039995,0.759663356,1.017999573,2.676436407,-0.387807946,0.14524726,-0.12636731,-0.058344045,-0.259878299,-0.413426889,-0.446247299,-0.27234258,0.581699535,0.821585153,0.872153482,1.579176281,1.503447692,1.170201882,-0.04912101,-0.089379289,-0.038846868,-0.143227563,-0.103183476,0.029590636,0.798512495,0.68283574,1.088808577,1.867716848,-0.383181315,-0.864273899,0.030472631,-0.055621131,-0.184595192,-0.1571971,-0.167395498,0.299551612,0.59214615,1.097154853,-0.513254104,0.294769953,-0.731145753,0.311082019,-0.094843594,-0.071266484,0.091600313,-0.240620114,0.11261015,0.485435651,-0.21052019,-0.535241735,1.487700761,0.065517268,-0.658182383,-0.429472088,0.116106428,-0.021128709,0.072427052,0.206104689,0.042602964,0.047609873,-0.802876812,1.032282571,0.516026722,-0.4580661,0.865405776,0.503067482,-0.240248108,0.026238514,0.027452529,-0.278576888,-0.392346563,0.430354684,-0.239305099,-0.603101161,2.603220772,-1.590567797,-0.85299421,0.289948345,-0.09326493,-0.078188423,0.159894684,-0.156590405,0.151114976,-0.185056006,-0.263743658,-1.125053584,-0.248622043,0.507159275,-0.65925287,0.613580715,-0.135908846,-0.017675315,-0.24856102,-0.168042701,-0.276273055,0.089722873,0.119254311,0.032817168,-1.732524761,-2.953023879,-0.801821429,-0.542649489,0.150316834,-0.038614787,-0.224044858,0.586502948,-0.248751549,0.231463296,-0.57238224,-1.015949416,0.639786775,0.442403028,0.612899093,-0.509096281,0.102912049,-0.080340855,0.028050393,-0.138202231,-0.012137108,-0.490698395,-0.197856025,1.257407445,0.299494266,0.895844041,-0.825064389,-0.092158424,0.04509914,-0.109494886,-0.00793433,-0.218708789,-0.060993126,-0.573980053,0.479503265,-0.386230149,-1.366824105,1.127907722,-0.824512224,0.771632297,-0.165502351,-0.080685711,28.75,88.75
-0.015238177,0.018863553,0.354335946,0.223948621,-0.295102704,-0.961359177,0.981320701,0.727715771,-0.564070221,0.472012244,-0.004447174,0.008068222,-0.083080937,-0.236985909,-0.281305689,-0.253717801,0.346125337,0.930061121,0.073218959,0.484839304,0.384979129,1.099549659,0.01098901,-0.065663494,0.070386337,-0.020033668,-0.02316967,0.078074924,0.346623377,0.084384015,0.551962438,0.242308272,-0.045842977,-0.438595289,0.008482041,-0.020383354,-0.074491229,-0.086432122,-0.062131354,0.118802255,0.864113585,1.949050182,-0.123037075,-0.387054375,-0.926087652,0.153903037,-0.02202997,-0.044196308,0.188702798,-0.039519434,0.072867714,0.105327455,0.153344382,-0.081482092,0.952457516,-0.204777296,-0.069901375,-0.000216921,0.122646326,-0.009495879,0.03730703,0.224332689,0.041731696,-0.070623324,-0.180579543,1.099160537,-1.043179286,0.662571736,-0.04917909,-0.051261905,-0.086622757,-0.01515972,0.069738163,-0.159341658,-0.191850016,0.139284517,-0.311418001,0.055375844,0.85533291,0.175912761,-0.935324614,0.25719494,-0.021101323,-0.042930605,0.233983889,-0.076937667,0.156947146,0.131280608,-0.194880779,-1.000580058,0.70526181,0.987629426,-0.313594907,0.267682876,-0.079395359,-0.002326994,-0.092131642,-0.143802212,-0.122592,-0.00543863,0.263095908,0.150600442,-1.235854968,-0.41112797,-0.901514266,-0.331735149,0.000319066,-0.004957047,-0.104352047,0.336137982,-0.092708126,-0.070454834,-0.353130968,-1.038224683,0.960732549,0.531840319,-0.410546232,-0.094293643,0.09517489,-0.00970909,-0.016484519,-0.085682592,0.193635375,-0.107539506,0.211348315,1.188525201,0.928287622,0.16553046,0.106421974,0.225707222,-0.026659307,-0.080622217,0.004529348,-0.166974193,-0.041856974,-0.136295552,0.081526201,-0.683961766,0.135403263,1.006235807,-0.664977671,0.157051527,-0.093519426,-0.032461272,31.25,88.75
-0.040157312,-0.023250087,0.173238965,0.113283963,-0.309667252,-0.643882837,0.318732465,0.677185115,-0.376592156,0.394036303,-0.111887616,0.00134137,-0.067682257,-0.189452908,-0.149132263,-0.251982843,0.154853682,0.27579249,-0.120578102,-0.301824787,-0.209108713,0.293605812,0.014170386,-0.061441734,0.024567127,0.061857958,0.145856365,0.022843146,0.194439838,0.050446924,-0.224079466,-0.218109443,0.046866416,-0.195610852,0.03013625,-0.034826595,-0.04546444,-0.094881837,-0.050460884,0.069120426,0.368123353,0.301370279,-0.219132792,-0.23192371,-0.674866119,0.011371712,-0.01238033,0.00939245,0.09243411,-0.049539398,-0.03017338,0.144817753,0.106266774,0.12889803,0.212456008,-0.353313173,0.65664732,-0.154801336,0.061309765,-0.007934842,0.030403402,0.172505002,0.050014126,0.022495601,0.217042308,-0.066725809,-0.918802565,0.488592995,-0.077191636,-0.1958287,-0.023046398,-0.024126445,0.089631704,-0.081115935,-0.17367711,-0.004949583,-0.230616972,-0.309592381,0.059947267,0.331504068,-0.578057896,0.288662212,0.034437135,-0.026068127,0.097168016,0.046158997,0.075989863,0.130803262,0.084178002,-0.465024135,0.683922369,0.03502084,-0.129759335,0.250939577,-0.033071556,-0.00441315,-0.075506807,-0.058882122,0.027097444,0.038237574,0.175141455,-0.210105015,-0.114939736,0.033020321,-0.421346708,-0.170841219,0.063431117,0.003471562,-0.084717342,0.165010302,-0.024221485,-0.083315722,-0.159365024,-0.419361519,0.119641303,0.284851586,-0.105881565,-0.040265798,0.042730662,-0.025723638,-0.003092079,-0.022489667,0.117527026,0.024396286,0.212266776,0.14231909,0.39669119,-0.022426552,-0.102153951,0.317968466,0.003488548,-0.07648662,-0.024372805,-0.082457053,-0.00852184,0.029185504,0.353981153,-0.690167285,0.57140885,-0.262051684,-0.192627157,0.206650211,-0.048168465,-0.035213159,33.75,88.75
